Symbol,Description
AAB.to,Aberdeen International I
AAR-UN.to,Pure Industrial Real Est
AAV.to,Advantage Oil & Gas Ltd.
ABK-A.to,Allbanc Split Corp Class
ABK-PR-C.to,Allbanc Split Corp Pref
ABT.to,Absolute Software Corp.
ABX.to,Barrick Gold Corporation
AC.to,Air Canada
ACB.to,Aurora Cannabis Inc
ACD.to,Accord Financial
ACO-X.to,Atco Ltd. Cl.I Nv
ACO-Y.to,Atco Ltd Cl II
ACQ.to,Autocanada Inc
ACR-UN.to,Agellan Commercial REIT
ACZ-UN.to,American Core Sectors Di
AD.to,Alaris Royalty Corp.
ADC-UN.to,Canadian Advantaged Conv
ADN.to,Acadian Timber Corp
ADW-A.to,Andrew Peller Limited C
ADW-B.to,Andrew Peller Limited C
AEF.to,Acasta Enterprises Inc
AEF-WT.to,Acasta Enterprises Inc W
AEM.to,Agnico Eagle Mines Limit
AEZS.to,Aeterna Zentaris Inc
AF.to,Alarmforce J
AFN.to,Ag Growth International
AFN-DB-A.to,Ag Growth Intl Inc 5.25
AFN-DB-B.to,Ag Growth International
AFN-DB-C.to,Ag Growth Intl Inc 5.00 Pct Debs
AFN-DB-D.to,Ag Growth Intl Inc 4.85 Pct Debs
AGF-B.to,Agf Management Ltd. Cl.
AGI.to,Alamos Gold Inc.
AGI-WT.to,Alamos Gold Inc Warrants
AGI-WT-A.to,Alamos Gold Inc Warrants A
AGT.to,Agt Food and Ingredients
AGU.to,Agrium Inc
AHY-UN.to,Advantaged CDN High Yiel
AI.to,Atrium Mortgage Investme
AI-DB.to,Atrium Mortgage Inv Corp
AI-DB-A.to,Atrium Mortgage Inv Corp
AI-DB-B.to,Atrium Mortgage Inv Corp
AI-DB-C.to,Atrium Mortgage Inv Corp 5.30 Pct Debs
AIF.to,Altus Group Limited
AIM.to,Aimia Inc
AIM-PR-A.to,Aimia Inc Pref Series 1
AIM-PR-B.to,Aimia Inc Pref Series 2
AIM-PR-C.to,Aimia Inc Pref Series 3
AJX.to,Agjunction Inc
AKG.to,Asanko Gold Inc
AKT-A.to,Akita Drilling Ltd. Cl.
ALA.to,Altagas Ltd.
ALA-PR-A.to,Altagas Ltd. Pref A
ALA-PR-B.to,Altagas Ltd Pref Series B
ALA-PR-E.to,Altagas Ltd Pref Series
ALA-PR-G.to,Altagas Ltd Pref G
ALA-PR-I.to,Altagas Ltd Pref Series I
ALA-PR-K.to,Altagas Ltd Pref Series K
ALA-PR-U.to,Altagas Ltd Pref Series
ALA-R.to,Altagas Ltd Sub Receipts
ALB.to,Allbanc Split Banc Corp
ALB-PR-C.to,Allbanc Split Corp II Pref Ser 2
ALC.to,Algoma Central
ALC-DB.to,Algoma Central Corp 6 PC
ALC-DB-A.to,Algoma Central Corp 5.25 Pct Debs
ALO.to,Alio Gold Inc
ALO-WT.to,Alio Gold Inc Wts
ALO-WT-A.to,Alio Gold Inc Wts
ALS.to,Altius Minerals Corporat
AMI.to,Aurico Metals Inc
AMM.to,Almaden Minerals Ltd.
ANX.to,Anaconda Mining Inc.
AOG-UN.to,Aston Hill Adv Oil and G
AOI.to,Africa Oil Corp
AP-UN.to,Allied Properties Real E
APH.to,Aphria Inc
APR-UN.to,Automotive Properties Re
APS.to,Aptose Biosciences Inc
AQA.to,Aquila Resources Inc.
AQN.to,Algonquin Power and Util
AQN-PR-A.to,Algonquin Power and Util
AQN-PR-D.to,Algonquin Power and Util
AQY-A.to,Alignvest Acquisition II Corp Cl A
AQY-WT.to,Alignvest Acquisition II Corp Wts
AR.to,Argonaut Gold Inc.
ARE.to,Aecon Group Inc
ARE-DB-B.to,Aecon Group Inc 5.50 Pct
ARG.to,Amerigo Resources Ltd.
ARX.to,Arc Resources Ltd.
ARZ.to,Aralez Pharmaceuticals Inc
ASND.to,Ascendant Resources Inc
ASO.to,Avesoro Resources Inc.
ASP.to,Acerus Pharmaceuticals C
ASR.to,Alacer Gold Corp
ATA.to,Ats Automation
ATD-A.to,Alimentation Couche-Tard
ATD-B.to,Alimentation Couche-Tard
ATH.to,Athabasca Oil Corp
ATL.to,Atlatsa Resources Corpor
ATP.to,Atlantic Power Corp.
ATP-DB-D.to,Atlantic Power Corp 6.00
ATP-DB-U.to,Atlantic Power Corp 5.75
ATZ.to,Aritzia Inc
AUG.to,Auryn Resources Inc
AUI-UN.to,Australian Banc Income F
AUMN.to,Golden Minerals Company
AUP.to,Aurinia Pharmaceuticals
AV-UN.to,Aston Hill Adv Vip Incom
AVK.to,Avnel Gold Mining Ltd.
AVL.to,Avalon Rare Metals Inc.
AVO.to,Avigilon Corporation
AVP.to,Avcorp Industries Inc.
AW-UN.to,A&W Revenue Royalties In
AX-PR-A.to,Artis REIT Pref Series A
AX-PR-E.to,Artis REIT Pref Ser E
AX-PR-G.to,Artis REIT Pref Series G
AX-PR-U.to,Artis REIT Pref Series C
AX-UN.to,Artis Real Estate Invest
AXR.to,Alexco Resource Corp.
AXY.to,Alterra Power Corp
AYA.to,Amaya Inc
AYM.to,Atalaya Mining Plc
AZ.to,Az Mining Inc
AZP-PR-A.to,Atlantic Power Pref Equi
AZP-PR-B.to,Atlantic Power Pref Equi
AZP-PR-C.to,Atlantic Power Pref Equi
AZZ.to,Azarga Uranium Corp
BAA.to,Banro Corp.
BAD.to,Badger Daylighting Ltd.
BAM-A.to,Brookfield Asset Managem
BAM-PF-A.to,Brookfield Asset Mgmt In
BAM-PF-B.to,Brookfield Asset Mgmt In
BAM-PF-C.to,Brookfield Asset Mgmt In
BAM-PF-D.to,Brookfield Asset Mgmt In
BAM-PF-E.to,Brookfield Asset Mgmt Pr
BAM-PF-F.to,Brookfield Asset Mgmt In
BAM-PF-G.to,Brookfield Asset Mgmt In
BAM-PF-H.to,Brookfield Asset MGT Inc Pref Ser 44
BAM-PF-I.to,Brookfield Asset Mgmt Inc Pref Ser 46
BAM-PR-B.to,Brookfield Asset Mgmt In
BAM-PR-C.to,Brookfield Asset Mgmt In
BAM-PR-E.to,Brookfield Asset Mgmt In
BAM-PR-G.to,Brookfield Asset Mgmt In
BAM-PR-K.to,Brookfield Asset Mgmt In
BAM-PR-M.to,Brookfield Asset Mgmt In
BAM-PR-N.to,Brookfield Asset Mgmt Pr
BAM-PR-R.to,Brookfield Asset Mgmt Pr
BAM-PR-S.to,Brookfield Asset Mgmt Inc Pref Ser 25
BAM-PR-T.to,Brookfield Asset Mgmt Pr
BAM-PR-X.to,Brookfield Am Pref Ser 2
BAM-PR-Z.to,Brookfield Asset Mgmt In
BANK.to,BMO Glb Banks Hgd To CAD ETF
BAR.to,Balmoral Resources Ltd
BB.to,Blackberry Limited
BBD-A.to,Bombardier Inc. Cl. A
BBD-B.to,Bombardier Inc. Cl. B
BBD-PR-B.to,Bombardier 2 Pr
BBD-PR-C.to,Bombardier Inc. Preferre
BBD-PR-D.to,Bombardier Inc. Preferre
BBL-A.to,Brampton Brick Ltd. Cl.
BBU-UN.to,Brookfield Business Partners LP
BCB.to,Cott Corp
BCE.to,BCE Inc.
BCE-PR-A.to,BCE First Pr Shares Seri
BCE-PR-B.to,BCE Inc. First Pr Shares
BCE-PR-C.to,BCE Inc Pr Shares Series
BCE-PR-D.to,BCE Inc. Preferred Share
BCE-PR-E.to,BCE 1St Pref Shares Seri
BCE-PR-F.to,BCE 1St Pref Shares Seri
BCE-PR-G.to,BCE 1St Pref Shares Seri
BCE-PR-H.to,BCE 1St Pref Shares Seri
BCE-PR-I.to,BCE 1St Pref Shares Seri
BCE-PR-J.to,BCE Inc Preferred Sh Ser
BCE-PR-K.to,BCE Inc Pref Series AK
BCE-PR-L.to,BCE Inc Pref Series Al
BCE-PR-M.to,BCE Inc Preferred Shares
BCE-PR-N.to,BCE Inc Preferred Shares Series An
BCE-PR-O.to,BCE Inc Preferred Shares
BCE-PR-Q.to,BCE Inc Preferred Shares
BCE-PR-R.to,BCE Inc Ser R
BCE-PR-S.to,BCE Inc Ser S
BCE-PR-T.to,BCE Inc. First Preferred
BCE-PR-Y.to,BCE Inc Ser Y Pr
BCE-PR-Z.to,BCE Inc Series Z
BCI.to,New Look Eyewear Inc
BDI.to,Black Diamond Group Ltd
BDT.to,Bird Construction Inc.
BEI-UN.to,Boardwalk Real Estate In
BEK-B.to,Becker Milk Company Ltd.
BEP-PR-E.to,Brookfield Renewable Energy Pref Ser 5
BEP-PR-G.to,Brookfield Renewable Energy Pref Ser 7
BEP-PR-I.to,Brookfield Renewable  Pref Ser 9
BEP-PR-K.to,Brookfield Renewable LP Pref Ser 11
BEP-UN.to,Brookfield Renewable Ene
BGI-UN.to,Brookfield Glbl Infras S
BIG-D.to,Big 8 Split Inc Class D
BIG-PR-D.to,Big 8 Split Inc Pref Cla
BIOA.to,Bioamber Inc.
BIP-PR-A.to,Brookfield Infra Partner
BIP-PR-B.to,Brookfield Infra Partners LP Pref Ser 3
BIP-PR-C.to,Brookfield Infra Partners LP Pref Ser 5
BIP-PR-D.to,Brookfield Infra Partners LP Pref Ser 7
BIP-UN.to,Brookfield Infra Partner
BIR.to,Birchcliff Energy Ltd.
BIR-PR-A.to,Birchcliff Energy Ltd Pr
BIR-PR-C.to,Birchcliff Energy Ltd Pr
BK.to,Canadian Banc Corp
BK-PR-A.to,Canadian Banc Corp Pref
BKI.to,Black Iron Inc
BKL-F.to,Powershares Senior Loan Index ETF
BKX.to,Bnk Petroleum Inc.
BLB-UN.to,Bloom Select Income Fund
BLDP.to,Ballard Power
BLU.to,Bellus Health Inc.
BLX.to,Boralex Inc.
BLX-DB-A.to,Boralex Inc 4.5 Pct Debs
BMO.to,Bank of Montreal
BMO-PR-A.to,BMO Pref Shares Series 26
BMO-PR-B.to,BMO Pref Shares Series 38
BMO-PR-C.to,BMO Pref Shares Series 40
BMO-PR-D.to,BMO Pref Shares Series 42
BMO-PR-M.to,BMO Cl B Pref Shares Se
BMO-PR-Q.to,Bank of Montreal B Pref
BMO-PR-R.to,BMO Cl B Pref Shares Ser
BMO-PR-S.to,BMO Cl B Pref Shares Ser
BMO-PR-T.to,BMO Non Cum Cl B Prf Sha
BMO-PR-W.to,BMO Cl B Pref Shares Ser
BMO-PR-Y.to,Bank of Montreal Pref Se
BMO-PR-Z.to,Bank of Montreal Pref Se
BNC.to,Purpose CDN Financial Income Fund ETF
BND.to,Purpose Tactical Inv Grade Bond Fund
BNE.to,Bonterra Energy Corp
BNG.to,Bengal Energy Ltd.
BNP.to,Bonavista Energy Corpora
BNS.to,Bank of Nova Scotia
BNS-PR-A.to,Bns Preferred Shares Ser
BNS-PR-B.to,Bns Preferred Shares Ser
BNS-PR-C.to,Bns Preferred Series 23
BNS-PR-D.to,Bns Preferred Shares Ser
BNS-PR-E.to,Bns Preferred Shares Series 34
BNS-PR-F.to,Bns Preferred Shares Series 33
BNS-PR-G.to,Bns Preferred Shares Series 36
BNS-PR-H.to,Bns Preferred Shares Series 38
BNS-PR-P.to,Bank of Nova Scotia Non-
BNS-PR-Q.to,Bns Pref Shares  Series
BNS-PR-R.to,Bns Non Cum Pref Series
BNS-PR-Y.to,Bank of Nova Scotia 5 Yr
BNS-PR-Z.to,Bns Preferred Series 32
BOS.to,Airboss America J
BOY.to,Boyuan Construction Grou
BOY-DB-A.to,Boyuan Constr Grp Inc 10
BPF-UN.to,Boston Pizza Royalties I
BPO-PR-A.to,Brookfield Office Proper
BPO-PR-C.to,Brookfield Office Properties Pref Ser CC
BPO-PR-E.to,Brookfield Office Properties Pref Ser Ee
BPO-PR-G.to,Brookfield Office Properties Pref Ser G
BPO-PR-N.to,Brookfield Office Proper
BPO-PR-P.to,Brookfield Office Proper
BPO-PR-R.to,Brookfield Office Proper
BPO-PR-S.to,Brookfield Office Properties Pref Ser S
BPO-PR-T.to,Brookfield Office Proper
BPO-PR-W.to,Brookfield Office Proper
BPO-PR-X.to,Brookfield Office Proper
BPO-PR-Y.to,Brookfield Office Proper
BPS-PR-A.to,Brookfield Property Spli
BPS-PR-B.to,Brookfield Property Spli
BPS-PR-C.to,Brookfield Property Spli
BPS-PR-U.to,Brookfield Property Spli
BPY-UN.to,Brookfield Property Part
BR.to,Big Rock Brewery Inc.
BRB.to,Brick Brewing J
BRE.to,Brookfield Real Estate S
BRF-PR-A.to,Brookfield Renewable  Pr
BRF-PR-B.to,Brookfield Renewable Pre
BRF-PR-C.to,Brookfield Renewable Pow
BRF-PR-E.to,Brookfield Renewable Pow
BRF-PR-F.to,Brookfield Renewable Pow
BRIO.to,Brio Gold Inc
BRY.to,Bri Chem Corp
BSC.to,Bns Split Corp.  II
BSC-PR-C.to,Bns Split Corp II Pref B Series 2
BSD-PR-A.to,Brookfield Soundvest Spl
BSD-UN.to,Brookfield Soundvest Spl
BSE-UN.to,Brookfield Soundvest Equ
BSO-UN.to,Brookfield Select Opport
BSX.to,Belo Sun Mining Corp
BTB-DB-E.to,Btb REIT 6.90 Pct Debs
BTB-DB-F.to,Btb REIT 7.15 Pct Debs
BTB-UN.to,Btb REIT Units
BTE.to,Baytex Energy Corp.
BTO.to,B2Gold Corp.
BU.to,Burcon Nutrascience Corp
BUA-UN.to,Bloom US Income and Grow
BUI.to,Buhler Ind
BX.to,Biox Corporation
BXE.to,Bellatrix Exploration Lt
BXE-DB.to,Bellatrix Exploration Ltd 6.75 Pct Debs
BXF.to,First Asset 1 To 5 Yr La
BXS-DB-C.to,Barclays Bank Fixed Rate Notes I 28
BYD-DB-A.to,Boyd Group Income Fund 5
BYD-UN.to,Boyd Group Income Fund
BYL.to,Baylin Technologies Inc
CAE.to,Cae Inc
CAGG.to,Wisdomtree Yld Enh CDN Agrt Bond Idx ETF
CAGS.to,Wisdomtree Yld Enh CDN ST Agg Bd Idx ETF
CAL.to,Caledonia Mining Corpora
CAN.to,Horizons Canadian Dollar Currency ETF
CAR-UN.to,CDN Apartment Un
CARA.to,Cara Operations Limited
CAS.to,Cascades Inc
CBD.to,Ishares Balanced Income
CBD-A.to,Ishares Balanced Income
CBH.to,Ishares 1-10 Yr Laddered
CBL.to,Callidus Capital Corp
CBN.to,Ishares Balanced Growth
CBO.to,Ishares 1-5Yr Laddered C
CBO-A.to,Ishares 1-5Yr Laddered C
CBQ.to,Ishares BRIC ETF
CBQ-A.to,Ishares BRIC ETF AC
CBT-UN.to,June 2020 Corporate Bond Trust
CCA.to,Cogeco Cable Inc. Sv
CCI-UN.to,Canadian Convertibles Pl
CCL-A.to,Ccl Inc. Cl A
CCL-B.to,Ccl Industries Inc. Cl.
CCM.to,Canarc Res J
CCO.to,Cameco Corp
CCS-PR-C.to,Co-Operators Gen Ins Cl
CCX.to,Canadian Crude Oil Index
CCZ.to,Criticalcontrol Solution
CDD-UN.to,Core Canadian Dividend T
CDH.to,Corridor Resources Inc.
CDV.to,Cardinal Resources Limited
CDZ.to,Ishares SP TSX CDN Divid
CDZ-A.to,Ishares SP TSX CDN Divid
CED.to,First Asset Core CDN Equ
CEE.to,Centamin Plc
CEF-A.to,Central Fund of Canada L
CERV.to,Cervus Equipment Corp.
CERV-DB.to,Cervus Equipment Corp 6
CES.to,First Asset Core US Equi
CES-B.to,First Asset Core US Equi
CET.to,Cathedral Energy Service
CEU.to,Ces Energy Solutions Corp.
CEW.to,Ishares Equal Weight Ban
CEW-A.to,Ishares Equal Weight Ban
CF.to,Canaccord Genuity Group
CF-PR-A.to,Canaccord Genuity Group
CF-PR-C.to,Canaccord Genuity Group
CFF.to,Conifex Timber Inc
CFP.to,Canfor Corp
CFW.to,Calfrac Well Services Lt
CFX.to,Canfor Pulp Products Inc
CG.to,Centerra Gold Inc.
CGAC-UN.to,Canaccord Genuity Acq Corp Units
CGG.to,China Gold Int Resources
CGI.to,CDN General Inv
CGI-PR-D.to,Canadian General Inv Ltd
CGL.to,Ishares Gold Bullion ETF
CGL-C.to,Ishares Gold Bullion ETF
CGO.to,Cogeco Inc. Sv
CGR.to,Ishares Global Real Esta
CGR-A.to,Ishares Global Real Esta
CGT.to,Columbus Gold Corp
CGX.to,Cineplex Inc.
CGX-DB-A.to,Cineplex Inc 4.50 Pct De
CGY.to,Calian Group Limited
CHB.to,Ishares US HY Fixed Inco
CHB-A.to,Ishares US HY Fixed Inco
CHE-DB-B.to,Chemtrade Logistics If 5
CHE-DB-C.to,Chemtrade Logistics Income Fund 5.0 Debs
CHE-DB-D.to,Chemtrade Logistics Inc Fd 4.75 Pct Debs
CHE-UN.to,Chemtrade Logistics Inco
CHH.to,Centric Health Corporati
CHP-UN.to,Choice Properties REIT
CHR.to,Chorus Aviation Inc Cl B
CHW.to,Chesswood Group Limited
CHW-DB.to,Chesswood Group Limited
CIA.to,Champion Iron Limited
CIC.to,Canbanc Income Corp
CIF.to,Ishares Global Infrastru
CIF-A.to,Ishares Global Infrastru
CIGI.to,Colliers International Group Inc.
CIQ-UN.to,Canadian High Income Equ
CIU-PR-A.to,Cu Inc. Preferred Share
CIU-PR-C.to,Cu Inc Preferred Series
CIX.to,Ci Financial Corp.
CJ.to,Cardinal Energy Ltd
CJ-DB.to,Cardinal Energy Ltd 5.50 Pct Debs
CJR-B.to,Corus Entertainment Inc.
CJT.to,Cargojet Inc.
CJT-A.to,Cargojet Inc. Variable V
CJT-DB-C.to,Cargojet Inc 4.65 Pct Debs
CKE.to,Chinook Energy Inc.
CKI.to,Clarke Inc
CLF.to,Ishares 1-5 Yr Ladder Go
CLF-A.to,Ishares 1-5 Yr Ladder Go
CLG.to,Ishares 1-10 Yr Ladder G
CLG-A.to,Ishares 1-10Yr Ladder Go
CLR.to,Clearwater Seafoods Inco
CLS.to,Celestica Inc. Sv
CM.to,Canadian Imperial Bank O
CM-PR-O.to,Cibc Pref Ser 39
CM-PR-P.to,Cibc Pref Series 41
CM-PR-Q.to,Cibc Pref Series 43
CM-PR-R.to,Cibc Pref Series 45
CMED.to,Cannimed Therapeutics Inc
CMG.to,Computer Modelling Group
CMH.to,Carmanah Technologies Co
CMMC.to,Copper Mountain Mining Corp
CMR.to,Ishares Premium Money Ma
CMR-A.to,Ishares Premium Money Market ETF AC
CNE.to,Canacol Energy Ltd
CNL.to,Continental Gold Ltd
CNL-WT-A.to,Continental Gold Inc Wts
CNQ.to,CDN Natural Res
CNR.to,Canadian National Railway
CNT.to,Century Global Commodities Corp
CNU.to,Cnooc Limited
COM.to,Cardiome Pharma Corp
CONA.to,Cona Resources Ltd.
COP.to,Coro Mining Corp.
COW.to,Ishares Global Agri Inde
COW-A.to,Ishares Global Agri Inde
CP.to,Canadian Pacific Railway
CPD.to,Ishares SP TSX CDN Pref
CPD-A.to,Ishares SP TSX CDN Pref
CPF-UN.to,CDN 50 Adv Pref Sh Fd
CPG.to,Crescent Point Energy Co
CPH.to,Cipher Pharmaceuticals I
CPI.to,Condor Petroleum Inc
CPX.to,Capital Power Corporatio
CPX-PR-A.to,Capital Power Corporatio
CPX-PR-C.to,Capital Power Corp Pref
CPX-PR-E.to,Capital Power Corporatio
CPX-PR-G.to,Capital Power Corporation Pref Series 7
CPX-PR-I.to,Capital Power Corporation Pref Series 9
CQE.to,Cequence Energy Ltd.
CR.to,Crew Energy Inc
CRH.to,CRH Medical Corporation
CRP.to,Ceres Global Ag Corp.
CRR-DB-E.to,Crombie REIT 5.25 Pct De
CRR-UN.to,Crombie Real Estate Inve
CRT-UN.to,Ct Real Estate Investmen
CRWN.to,Crown Capital Partners Inc
CS.to,Capstone Mining Corp.
CSD.to,Ishares Adv Short Dur Hi
CSD-A.to,Ishares Adv Shrt Dur Hi
CSE-PR-A.to,Capstone Infrastructure
CSH-UN.to,Chartwell Retirement Res
CSM.to,Clearstream Energy Services Inc
CSU.to,Constellation Software I
CSU-DB.to,Constellation Software I
CSW-A.to,Corby Spirit and Wine Lt
CSW-B.to,Corby Spirit and Wine Lt
CSY.to,Can 60 Income Corp
CTC.to,Canadian Tire Corporatio
CTC-A.to,Canadian Tire Corporatio
CTF-UN.to,Citadel Income Fund
CTU.to,Le Chateau Inc Cl B
CTX.to,Crescita Therapeutics Inc
CU.to,Canadian Utilities Ltd.
CU-PR-C.to,Canadian Utilities Limit
CU-PR-D.to,Canadian Utilities Ltd P
CU-PR-E.to,Canadian Utilities Ltd P
CU-PR-F.to,Canadian Utilities Ltd P
CU-PR-G.to,Canadian Utilities Ltd P
CU-PR-H.to,Canadian Utilities Ltd P
CU-PR-I.to,Canadian Utilities Ltd Pref Ser Ff
CU-X.to,CDN Util Cl B
CUD.to,Ishares SP US Div Grower
CUD-A.to,Ishares SP US Div Grower
CUF-UN.to,Cominar R E Un
CUP-U.to,Caribbean Util US
CVD.to,Ishares Convertible Bond
CVD-A.to,Ishares Convertible Bond
CVE.to,Cenovus Energy Inc.
CVG.to,Clairvest Group
CWB.to,CDN Western Bank
CWB-PR-B.to,Canadian Western Bank Pr
CWB-PR-C.to,Canadian Western Bank Pref Series 7
CWF.to,CDN World Fund
CWI.to,Crosswinds Holdings Inc
CWL.to,Caldwell Partners Intern
CWW.to,Ishares SP Global Water
CWW-A.to,Ishares SP Global Water
CWX.to,Canwel Building Material
CXA-B.to,Cons Hci Cl B
CXF.to,First Asset CDN Convert
CXI.to,Currency Exchange Intern
CXN.to,Chalice Gold Mines Limit
CXR.to,Concordia Healthcare Cor
CYB.to,Cymbria Corporation Cl A
CYH.to,Ishares Global Monthly D
CYH-A.to,Ishares Global Monthly D
CZN.to,CDN Zinc Corp J
D-UN.to,Dream Office REIT
DA-DB-A.to,Discovery Air Inc 8.375
DBO.to,Dbox Technologies Inc
DC-A.to,Dundee Corp. Cl.A Sv
DC-PR-B.to,Dundee Corp First Pref S
DC-PR-D.to,Dundee Corp Pref Series
DC-PR-E.to,Dundee Corp First Pref Shares Series 5
DC-WT.to,Dundee Corp Class A Wts
DCD-UN.to,First Asset Diversified
DCF.to,Difference Capital Finan
DCF-DB.to,Difference Cap Financial
DCG.to,Desjardins 1To5 Yr Lad CDN Govt Bd ETF
DCM.to,Data Communications Mgmt Corp
DCP.to,Desjardins CDN Pref Share Idx ETF
DCS.to,Desjardins CDN Short Term Bd Idx ETF
DCU.to,Desjardins CDN Universe Bond Index ETF
DDC.to,Dominion Diamond Corpora
DEE.to,Delphi Energy Corp.
DEE-NT.to,Delphi Energy Corp 10 Pct Notes
DEE-WT.to,Delphi Energy Corp Wts
DEN.to,Dundee Energy Limited
DF.to,Dividend 15 Split Corp.
DF-PR-A.to,Dividend 15 Split Corp.
DFC.to,Desjardins Cda Multifactor Ctrl Vol ETF
DFD.to,Desjardins Dev Xus Xcda Mltifact Vol
DFN.to,Dividend 15 Split Corp
DFN-PR-A.to,Dividend 15 Split Corp.
DFU.to,Desjardins USA Multifactor Ctrl Vol ETF
DGC.to,Detour Gold Corporation
DGR.to,Wisdomtree US Qlty Div Gwth Idx ETF
DGR-B.to,Wisdomtree US Qlty Div Gwth Idx ETF Nh
DGS.to,Dividend Growth Split Co
DGS-PR-A.to,Dividend Growth Split Co
DHX-A.to,Dhx Media Ltd Class A
DHX-B.to,Dhx Media Ltd Class B
DII-A.to,Dorel Industries Inc. C
DII-B.to,Dorel Industries Inc. C
DII-DB-U.to,Dorel Industries Inc 5.5
DIN-DB.to,Dir Industrial Propertie
DIR-DB.to,Dream Industrial REIT 5.
DIR-UN.to,Dream Industrial REIT
DISC.to,BMO Glb Consumer Disc Hgd To CAD ETF
DIV.to,Diversified Royalty Corp
DLR.to,Horizons US Dollar Curre
DLR-U.to,Horizons US Dollar Curre
DML.to,Denison Mines Corp.
DNA.to,Dalradian Resources Inc.
DNA-WT-A.to,Dalradian Resources Inc
DNG.to,Dynacor Gold Mines Inc
DNT.to,Candente Copper Corp
DOL.to,Dollarama Inc
DOO.to,Brp Inc
DPM.to,Dundee Precious Metals I
DQD.to,Wisdomtree US Qlty Div Gwth Dyn Hgd ETF
DQI.to,Wisdomtree Intl Qlty Div Gwth Dyn Hgd
DR.to,Medical Facilities Corp
DR-DB-A.to,Medical Facilities Corp
DRA-UN.to,Dream Hard Asset Alterna
DRG-UN.to,Dream Global REIT
DRM.to,Dream Unlimited Corp
DRM-PR-A.to,Dream Unlimited Corp Pre
DRT.to,Dirtt Environmental Solu
DRWI.to,Dragonwave Inc
DRX.to,Adf Group Inc. Sv
DS.to,Dividend Select 15 Corp.
DSG.to,Descartes Sys
DSL-UN.to,Doubleline Income Soluti
DW.to,Datawind Inc
DXC.to,Dyn Ishares Active CDN Div ETF
DXG.to,Dyn Ishares Active Global Div ETF
DXI.to,Dxi Energy Inc
DXM.to,F A Morningstar Cda Div
DXO.to,Dyn Ishares Act Crossover Bond ETF
DXP.to,Dyn Ishares Active Pref Shares ETF
DXU.to,Dyn Ishares Active US Div ETF
E.to,Enterprise Group Inc
EBC-UN.to,Europe Blue Chip Div and
ECA.to,Encana Corp.
ECF-UN.to,East Coast Invest Grade
ECI.to,Enercare Inc.
ECN.to,Ecn Capital Corp
ECN-PR-A.to,Ecn Capital Corp Pref Series A
ECN-PR-C.to,Ecn Capital Corp Pref Series C
ECO.to,Ecosynthetix Inc
ECS.to,Ecobalt Solutions Inc
EDGF-UN.to,European Dividend Growth Fund
EDR.to,Endeavour Silver Corp.
EDT.to,Spectral Medical Inc
EDV.to,Endeavour Mining Corp
EFH.to,Echelon Financial Holdin
EFL.to,Electrovaya Inc.
EFN.to,Element Financial Corp
EFN-DB.to,Element Financial Corp 5
EFN-DB-A.to,Element Financial Corp 4
EFN-PR-A.to,Element Financial Corp P
EFN-PR-C.to,Element Financial Corp P
EFN-PR-E.to,Element Financial Corp P
EFN-PR-G.to,Element Financial Corp P
EFN-PR-I.to,Element Fleet Mgmt Corp Pref Series I
EFR.to,Energy Fuels Inc.
EFR-DB.to,Energy Fuels Inc Debs
EFR-WT.to,Energy Fuels Inc Wts
EFX.to,Enerflex Ltd
EGL.to,Eagle Energy Inc.
EHE.to,Wisdomtree Europe Hedged Eqty Idx ETF
EHE-B.to,Wisdomtree Europe Hedged Eqty Idx ETF Nh
EIF.to,Exchange Income Corporat
EIF-DB-E.to,Exchange Income Corp 5.5
EIF-DB-F.to,Exchange Income Corp 5.3
EIF-DB-G.to,Exchange Income Corp 6.0
EIF-DB-H.to,Exchange Income Corp 5.25 Pct Debs
EIT-PR-A.to,Canoe Eit Income Fund Pref Ser 1
EIT-UN.to,Canoe Eit Income Fund Un
ELD.to,Eldorado Gold
ELF.to,E-L Financial
ELF-PR-F.to,E-L Financial Corp. Ltd.
ELF-PR-G.to,E- L Financial Corp. Lim
ELF-PR-H.to,E - L Financial Corp Ltd
ELR.to,Eastern Platinum Limited
ELV.to,Powershares SP Emg Mkts
EMA.to,Emera Incorporated
EMA-PR-A.to,Emera Inc Series A Pref
EMA-PR-B.to,Emera Inc Pref Sh Series
EMA-PR-C.to,Emera Inc Pref Sh Series
EMA-PR-E.to,Emera Inc Pref Series E
EMA-PR-F.to,Emera Inc Series F Pref
EML-PR-A.to,The Empire Life Insurance Co Pref A
EMP-A.to,Empire Company Ltd. Cl.
ENB.to,Enbridge Inc
ENB-PF-A.to,Enbridge Inc Pref Series
ENB-PF-C.to,Enbridge Inc Pref Series
ENB-PF-E.to,Enbridge Inc Pref Series
ENB-PF-G.to,Enbridge Inc Pref Series
ENB-PF-I.to,Enbridge Inc Pref Series 17
ENB-PF-U.to,Enbridge Inc Preferred S
ENB-PF-V.to,Enbridge Inc Pref Series
ENB-PR-A.to,Enbridge Pr
ENB-PR-B.to,Enbridge Inc Cum Redeem
ENB-PR-C.to,Enbridge Inc Pref Series C
ENB-PR-D.to,Enbridge Inc Pref Ser D
ENB-PR-F.to,Enbridge Inc Pref Ser F
ENB-PR-H.to,Enbridge Inc Preferred S
ENB-PR-J.to,Enbridge Inc Pref Ser 7
ENB-PR-N.to,Enbridge Inc Pref Ser N
ENB-PR-P.to,Enbridge Inc Pref Ser P
ENB-PR-T.to,Enbridge Inc Pref Ser R
ENB-PR-U.to,Enbridge Inc Pref Sh Ser
ENB-PR-V.to,Enbridge Inc Pref Ser 1
ENB-PR-Y.to,Enbridge Inc Cum Red Pre
ENF.to,Enbridge Income Fund Hol
ENGH.to,Enghouse Systems Ltd.
ENI-UN.to,Energy Income Fund
ENT.to,Entrec Corporation
ENT-DB.to,Entrec Corporation 7 Pct
EOM.to,Eco Oro Minerals Corp
EOX.to,Euromax Resources Ltd
EPI.to,Essa Pharma Inc
EPS.to,Epsilon Energy Ltd.
EQB.to,Equitable Group Inc
EQB-PR-C.to,Equitable Group Inc Pref
EQI.to,Equity Financial Holding
ER.to,Eastmain Res J
ERD.to,Erdene Resource Developm
ERF.to,Enerplus Corporation
ERM.to,Eclipse Residential Mort
ESI.to,Ensign Energy Services I
ESM.to,Euro Sun Mining Inc
ESN.to,Essential Energy Service
ESP.to,Espial Group Inc.
ET.to,Evertz Technologies Limi
ETG.to,Entree Gold Inc.
ETP.to,First Trust Global Risk
ETP-A.to,First Trust Glb Risk Man
ETX.to,Etrion Corporation
EUR.to,First Trust Alphadex EUR
EUR-A.to,First Trust Alphadex EUR
EVT.to,Economic Investment
EXE.to,Extendicare Inc
EXE-DB-B.to,Extendicare Inc 6 Pct De
EXF.to,Exfo Inc
EXGG.to,Excel Global Growth Asset ETF
EXN.to,Excellon Resources Inc.
EXN-WT.to,Excellon Resources Inc Wts
FAH-U.to,Fairfax Africa Holdings Corporation
FAI.to,Fa Active Utility and In
FAO.to,First Asset Active Credi
FAO-A.to,First Asset Active Credit ETF AC
FAO-U.to,First Asset Active Credi
FAP.to,Aberdeen Asia-Pacific In
FAR.to,Foraco International Sa
FBE.to,First Asset Canadian Buyback Index ETF
FBU.to,First Asset US Buyback Index ETF
FC.to,Firm Capital Mortgage In
FC-DB-A.to,Firm Capital Mortgage 5.
FC-DB-B.to,Firm Capital Mtg Inv Cor
FC-DB-C.to,Firm Capital Mortgage In
FC-DB-D.to,Firm Capital Mortgage In
FC-DB-E.to,Firm Cap Mtg Invest Corp
FC-DB-F.to,Firm Capital Mortgage 5.50 Pct Debs
FC-DB-G.to,Firm Capital Mortgage Inv 5.20 Pct Debs
FC-DB-H.to,Firm Capital Mortgage 5.30 Pct Debs
FCE.to,First Asset Cambridge Core CDN Eq ETF
FCR.to,First Capital Realty Inc
FCR-DB-I.to,First Capital Realty Inc
FCR-DB-J.to,First Capital Realty Inc
FCS-PR-C.to,Faircourt Split Trust 6.
FCS-UN.to,Faircourt Split Trust
FCU.to,Fission Uranium Corp
FCY.to,First Asset Cambridge Core US Equity ETF
FCY-B.to,First Asset Cambridge Core US Eq ETF Uh
FDE.to,First Trust Alphadex Emg
FDL.to,Fa Canadian Dividend Low Vol Idx ETF
FDV.to,First Asset Active CDN D
FDY.to,First Trust Alphadex CDN
FEC.to,Frontera Energy Corporation
FF.to,First Mining Finance Corp
FFH.to,Fairfax Financial Holdin
FFH-PR-C.to,Fairfax Fncl Holdings Lt
FFH-PR-D.to,Fairfax Fncl Holdings Lt
FFH-PR-E.to,Fairfax Financial Hldngs
FFH-PR-F.to,Fairfax Financial Holdin
FFH-PR-G.to,Fairfax Financial Hldngs
FFH-PR-H.to,Fairfax Fncl Holdings Ltd Pref Ser H
FFH-PR-I.to,Fairfax Financial Holdin
FFH-PR-J.to,Fairfax Fncl Holdings Ltd Pref Ser J
FFH-PR-K.to,Fairfax Financial Holdin
FFH-PR-M.to,Fairfax Financial Holdin
FFH-U.to,Fairfax Financial Holdin
FFI-UN.to,Flaherty & Crumrine Fixe
FFN.to,North American Financial
FFN-PR-A.to,North American Fin 15 SP
FGB.to,Fa Short Term Govt Bond Index Class ETF
FGX.to,Faircourt Gold Income Co
FHB.to,First Asset Hamilton Cap
FHC.to,First Trust Alphadex US
FHD.to,First Trust Alphadex US
FHE.to,First Trust Alphadex US
FHF.to,First Trust Alphadex US
FHG.to,First Trust Alphadex US
FHH.to,First Trust Alphadex US
FHM.to,First Trust Alphadex US
FHQ.to,First Trust Alphadex US
FIE.to,Ishares CDN Fin Mthly In
FIE-A.to,Ishares CDN Fin Mthly In
FIG.to,First Asset Investment Grade Bond ETF
FIH-U.to,Fairfax India Holdings C
FLB.to,Fa Long Dur Fixed Inc ETF
FLCI.to,Franklin Liberty CDN Invest Grd Corp ETF
FLDM.to,Franklin Libertyqt Intl Eqt Index ETF
FLI.to,First Asset US Cda Lifec
FLRM.to,Franklin Liberty Risk Mngd CDN Eqt ETF
FLUS.to,Franklin Libertyqt US Eqt Index ETF
FM.to,First Quantum Minerals L
FN.to,First National Financial
FN-PR-A.to,First National Financial
FN-PR-B.to,First National Financial Corp Pref B
FNM-UN.to,First National Mortgage
FNV.to,Franco-Nevada Corporatio
FOOD.to,Goodfood Market Corp
FPR.to,Fa Preferred Share ETF
FQC.to,Fa MSCI Can Quality Index Class ETF
FR.to,First Majestic Silver Co
FRII.to,Freshii Inc
FRL-UN.to,Senior Secured Floating
FRU.to,Freehold Royalties Ltd.
FRX.to,Fennec Pharmaceuticals I
FSD.to,First Trust Sh Dur Hi Yld Bnd ETF
FSD-A.to,First Trust Sh Dur Hi Yld Bnd E
FSF.to,First Asset Global Financial Sector ETF
FSL.to,First Trust Senior Loan
FSR.to,First Trust DW Dyn US Sctr Idx ETF
FST.to,First Trust CDN Capital Strength ETF
FST-A.to,First Trust CDN Capital Strength ETF AC
FSV.to,Firstservice Corporation
FSY.to,Forsys Metals Corp.
FSZ.to,Fiera Capital Corp
FT.to,Fortune Mnrl J
FTB.to,First Trust Tactical Bon
FTG.to,Firan Technology Group C
FTN.to,Financial 15 Split Corp
FTN-PR-A.to,Financial 15 Split Corp
FTP.to,Fortress Paper Ltd.
FTP-DB-A.to,Fortress Paper Ltd 7 Pct
FTS.to,Fortis Inc
FTS-PR-F.to,Fortis Inc. Preferred S
FTS-PR-G.to,Fortis Inc. First Pref S
FTS-PR-H.to,Fortis Inc. Pref Series
FTS-PR-I.to,Fortis Inc Pref Series I
FTS-PR-J.to,Fortis Inc Pref Series J
FTS-PR-K.to,Fortis Inc Pref Series K
FTS-PR-M.to,Fortis Inc Pref Series M
FTT.to,Finning Intl
FTU.to,US Financial 15 Split Co
FTU-PR-B.to,US Finl 15 Split 2012 Pr
FUD.to,First Trust Alphadex US
FUM.to,Fa US Equity Multi Factor Idx ETF
FUT.to,Fa US Tactical Sector Allocation Idx ETF
FVI.to,Fortuna Silver Mines Inc
FVL.to,Freegold Ventures Limite
FXM.to,F A Morningstar Cda Valu
G.to,Goldcorp Inc
GAF-UN.to,Global Alpha Worldwide G
GAS.to,Canadian Natural Gas Index ETF
GBF.to,Globalance Dividend Growers Corp
GBT.to,Bmtc Group Inc.
GBU.to,Gabriel Res J
GC.to,Great Canadian Gaming Co
GCG.to,Guardian Capital
GCG-A.to,Guardian Capital Group L
GCL.to,Colabor Group Inc.
GCL-DB-A.to,Colabor Group Inc 5.70 C
GCM.to,Gran Colombia Gold Corp.
GCM-DB-U.to,Gran Colombia Gold Corp 1.00 Pct Debs
GCM-DB-V.to,Gran Colombia Gold Corp 6.00 Pct Debs
GCM-DB-X.to,Gran Colombia Gold Corp 8.0 Pct Debs
GCM-WT-A.to,Gran Colombia Gold Corp
GCS-PR-A.to,Global Champions Split C
GCT.to,Gvic Communications Corp
GDC.to,Genesis Land J
GDG-UN.to,Global Dividend Growers
GDI.to,Gdi Integrated Facility
GDI-DB.to,Gdi Integrated Fclty Svcs 5.0 Pct Debs
GDL.to,Goodfellow Inc
GDS.to,Gendis Inc
GEI.to,Gibson Energy Inc
GEI-DB.to,Gibson Energy Inc 5.25 Pct Debs
GEN.to,Genenews Limited
GEO.to,Geodrill Limited
GGA.to,Goldgroup Mining Inc
GGD.to,Gogold Resources Inc
GGD-WT.to,Gogold Resources Inc Wts
GH.to,Gamehost Inc.
GIB-A.to,CGI Group Inc. Cl.A Sv
GIL.to,Gildan Activewear Inc.
GLG.to,Glg Life Tech Corporatio
GMM-U.to,General Motors Company
GMO.to,General Moly Inc.
GMP.to,Gmp Capital Inc.
GMP-PR-B.to,Gmp Capital Inc Series B
GMP-PR-C.to,Gmp Capital Inc Series C Preferred
GMX.to,Globex Mining Enterprise
GOOS.to,Canada Goose Holdings Inc
GPR.to,Great Panther Silver Lim
GPS.to,Bsm Technologies Inc
GQM.to,Golden Queen Mng J
GQM-WT.to,Golden Queen Mng Wts
GRL.to,Global Real Estate Div G
GRP-PR-A.to,Global Resource Champ Split Pref Ser 1
GRT-UN.to,Granite Real Estate Inve
GS.to,Gluskin Sheff   Associat
GSB-UN.to,Goldman Sachs US Income
GSC.to,Golden Star
GSY.to,Easyhome Ltd.
GSY-DB.to,Goeasy Ltd 5.75 Pct Debs
GTE.to,Gran Tierra Energy Inc.
GTX.to,Gran Tierra Exchangeco I
GUD.to,Knight Therapeutics Inc
GUY.to,Guyana Goldfields Inc
GVC.to,Glacier Media Inc
GWO.to,Great-West Lifeco Inc
GWO-PR-F.to,Great-West Lifeco Inc.
GWO-PR-G.to,Great-West Lifeco Inc. P
GWO-PR-H.to,Great-West Lifeco Inc.
GWO-PR-I.to,Great-West Lifeco Inc.
GWO-PR-L.to,Great-West Lifeco Inc Pr
GWO-PR-M.to,Great West Lifeco Pref S
GWO-PR-N.to,Great West Lifeco Inc Pr
GWO-PR-O.to,Great West Lifeco Pref Series O
GWO-PR-P.to,Great West Lifeco Inc 5.
GWO-PR-Q.to,Great West Lifeco Pref S
GWO-PR-R.to,Great West Lifeco Inc Se
GWO-PR-S.to,Great West Lifeco Pref S
GWO-PR-T.to,Great West Lifeco Pref Ser T
GWR.to,Gwr Global Water Resourc
GXE.to,Gear Energy Ltd
GXO.to,Granite Oil Corp
GZT.to,Gazit Globe Ltd
H.to,Hydro One Limited
H-IR.to,Hydro One Ltd Instal Rec 4.0 Pct Debs
HAB.to,Horizons Active Corporat
HAC.to,Horizons Seasonal Rotati
HAD.to,Horizons Active CDN Bond
HAF.to,Horizons Active Global F
HAJ.to,Horizons Active Emerging
HAL.to,Horizons Active CDN Divi
HARC.to,Horizons Abs Return Global Currency ETF
HAU.to,Horizons Active US Divid
HAU-U.to,Horizons Active US Dividend ETF USD
HAZ.to,Horizons Active Global D
HBB.to,Horizons CDN Select Univ
HBC.to,Hudsons Bay Company
HBD.to,Horizons Betapro Comex G
HBF.to,Brand Leaders Plus Income ETF
HBF-U.to,Brand Leaders Plus Income ETF USD
HBG.to,Hamilton Capital Global Bank ETF
HBL-UN.to,Brand Leaders Income Fun
HBM.to,Hudbay Minerals Inc.
HBM-WT.to,Hudbay Minerals Inc Wts
HBP.to,Helix Biopharm
HBU.to,Horizons Betapro Comex G
HCG.to,Home Capital Group Inc.
HCN.to,Horizons China High Dividend Yield ETF
HE.to,Hanwei Energy Services C
HEA.to,Horizons Enhd Income US
HEA-U.to,Horizons Enhd Income US
HED.to,Horizons BP SP TSX Energ
HEE.to,Horizons Enhanced Income
HEF.to,Horizons Enhanced Income
HEJ.to,Horizons Enhd Inc Intl E
HEN-UN.to,Energy Leaders Income Fd
HEP.to,Horizons Enhanced Income
HER.to,Heron Resources Limited
HEU.to,Horizons Betapro S&P/Tsx
HEW.to,Horizons Sp/Tsx 60 Equal
HEX.to,Horizons Enhanced Income
HFD.to,Horizons BP SP TSX Cap F
HFP.to,Horizons Active Flt Rate
HFR.to,Horizons Active Floating
HFU.to,Horizons Betapro S&P/Tsx
HFY.to,Hamilton Capital Global Fin Yield ETF
HGC.to,Horizons Global Currency Opp ETF
HGD.to,Horizons BP Gold Bear Pl
HGI-UN.to,Global Adv Telecom Utili
HGM.to,Horizons Managed Global
HGR.to,Global REIT Leaders Income ETF
HGU.to,Horizons BP SP TSX Globa
HGY.to,Horizons Gold Yield ETF
HHF.to,Horizons Morningstar Hdg
HHL.to,Healthcare Leaders Income ETF
HHL-U.to,Healthcare Leaders Income ETF
HID.to,Wisdomtree US High Div Idx ETF
HIG-UN.to,Global Healthcare Inc and Grwth Fd
HII.to,Horizons CDN Insider Ind
HIU.to,Horizons Betapro SP 500
HIX.to,Horizons Betapro S&P/Tsx
HLC.to,Holloway Lodging Corpora
HLC-DB.to,Holloway Lodging Corp 6.
HLC-DB-A.to,Holloway Lodging Corp 7.
HLF.to,High Liner
HLP-DB-U.to,Mainstreet Health Inv Inc 5.00 Pct Debs
HLP-U.to,Mainstreet Health Investments Inc
HMA.to,Horizons Managed Ma Mome
HMF.to,Horizons Auspice Managed
HMM-A.to,Hammond Manufacturing Co
HMMJ.to,Horizons Medical Marijuana Life Sci ETF
HMMJ-U.to,Horizons Marijuana Life Sciences Idx USD
HMP.to,Horizons Active CDN Muni
HND.to,Horizons Betapro Nymex N
HNL.to,Horizon North Logistics
HNU.to,Horizons Beta Pro Nymex
HNY.to,Horizons Natural Gas Yie
HNZ.to,Hnz Group Inc.
HOD.to,Horizon Beta Pro Nymex C
HOG.to,Horizons CDN Midstream O
HOT-DB-U.to,American Hotel Inc Prop REIT 5 Pct Debs
HOT-UN.to,American Hotel Income Pr
HOU.to,Horizon Betapro Nymex Cr
HPF.to,Energy Leaders Plus Income ETF
HPF-U.to,Energy Leaders Plus Income ETF USD
HPR.to,Horizons Active Preferre
HPS-A.to,Hammond Power Solutions
HQD.to,Horizons Betapro Nasdaq1
HQU.to,Horizons Betapro Nasdaq1
HR-DB-D.to,Hr REIT 5.90 Pct Conv De
HR-DB-H.to,Hr REIT 5.40 Pct Debs
HR-UN.to,H&R Real Estate Inv Trus
HRA.to,Horizons Global Risk Parity ETF
HRR-UN.to,Australian REIT Income F
HRT.to,Harte Gold Corp
HRX.to,Heroux-Devtek
HSB-PR-C.to,HSBC Bank Canada Pr. C
HSB-PR-D.to,HSBC Bank Canada Cl.1 Pr
HSD.to,Horizons BP Sp500 Bear P
HSE.to,Husky Energy Inc.
HSE-PR-A.to,Husky Energy Inc Pref Se
HSE-PR-B.to,Husky Energy Inc Pref Series 2
HSE-PR-C.to,Husky Energy Inc Pref Se
HSE-PR-E.to,Husky Energy Inc Pref Se
HSE-PR-G.to,Husky Energy Inc Pref Se
HSH.to,Horizons Sp500 CAD Hedged Index ETF
HSL.to,Horizons Active Float Ra
HSM.to,Helius Medical Technologies Inc
HSM-WT.to,Helius Medical Technologies Inc Wts
HSU.to,Horizons Betapro S&P 500
HTA.to,Tech Achievers Growth & Income ETF
HTA-U.to,Tech Achievers Growth and Inc ETF USD
HTB.to,Horizons US 7 To 10 Yr T
HTB-U.to,Horizons US 7 To 10 Yr T
HTH.to,Horizons US 7 10 Yr Treas Bd CAD Heg ETF
HTO-UN.to,Global Water Solutions F
HUC.to,Horizons Nymex Crude Oil
HUF.to,Horizons Active US Float
HUF-U.to,Horizons Active US Float
HUG.to,Horizons Comex Gold ETF
HUL.to,US Buyback Leaders ETF
HUN.to,Horizons Nymex Natural G
HUV.to,Horizons BP Sp500 VIX ST
HUZ.to,Horizons Comex Silver Et
HVI.to,Horizons BP Sp500 VIX ST
HVU.to,Horizons BP Sp500 VIX ST
HWD.to,Hardwoods Distribution I
HWF-UN.to,Middlefield Healthcare Wellness Div
HWO.to,High Arctic Energy Servi
HXD.to,Horizons Betapro S&P/Tsx
HXE.to,Horizons SP TSX Capped E
HXF.to,Horizons SP TSX Capped F
HXH.to,Horizons CDN High Dividend Index ETF
HXQ.to,Horizons Nasdaq 100 Index ETF
HXQ-U.to,Horizons Nasdaq 100 Index ETF USD
HXS.to,Horizons SP 500 Index Et
HXS-U.to,Horizons SP 500 Index Et
HXT.to,Horizons SP Tsx60 Index
HXT-U.to,Horizons SP TSX 60 Index
HXU.to,Horizons Betapro S&P/Tsx
HXX.to,Horizons Euro Stoxx 50 Index ETF
HYB-UN.to,Ddj High Yield Fund
HYD.to,Hyduke Energy Services I
HYG.to,Hydrogenics Corporation
HYI.to,Horizons Active High Yie
HZD.to,Horizons BP Comex Silver
HZM.to,Horizonte Minerals Plc
HZU.to,Horizons BP Comex Silver
IAG.to,Industrial Alliance Ins
IAG-PR-A.to,Industrial Alliance Ins
IAG-PR-G.to,Industrial Alliance Pref
IAM.to,Integrated Asset Managem
IBG.to,Ibi Group Inc.
IBG-DB-C.to,Ibi Group Inc 7.0 Pct De
IBG-DB-D.to,Ibi Group Inc 5.50 Pct Debs
ICE.to,Canlan ICE Sports Corp.
ICP.to,Ic Potash Corp
IDG.to,Indigo Books & Music Inc
IDR-UN.to,REIT Indexplus Income Fu
IFA.to,Ifabric Corp
IFB-UN.to,Investment Grade Infrstr
IFC.to,Intact Financial Corpora
IFC-PR-A.to,Intact Financial Corp Pr
IFC-PR-C.to,Intact Financial Corp Pr
IFC-PR-D.to,Intact Financial Corp Pref Shares Ser 4
IFC-PR-E.to,Intact Financial Corp Pref Cl A Ser 5
IFC-R.to,Intact Financial Corp Sub Receipts
IFL-UN.to,ING Diversified Float Ra
IFP.to,Interfor Corporation
IGG.to,Innova Gaming Group Inc
IGM.to,Igm Financial Inc.
IGM-PR-B.to,Igm Financial Inc 5.90 P
IHL-UN.to,ING High Income Floating
III.to,Imperial Metals Corp
IIP-UN.to,Interrent Real Estate In
ILV.to,Powershares SP Intl Dev
IMG.to,Iamgold Corp
IMO.to,Imperial Oil
IMP.to,Intermap Tech Corp.
IMV.to,Immunovaccine Inc
INC-UN.to,Income Fin Un
INE.to,Innergex Renewable Energ
INE-DB-A.to,Innergex Renewable Energ
INE-PR-A.to,Innergex Renewable Energ
INE-PR-C.to,Innergex Renewable Energ
INO-UN.to,Inovalis REIT
INQ.to,Inscape Corp. Sv
INSR.to,BMO Glb Insurance Hgd To CAD ETF
INV.to,Inv Metals Inc.
IPCI.to,Intellipharmaceutics International Inc.
IPCO.to,International Petroleum Corporation
IPL.to,Inter Pipeline Ltd
IPO.to,Inplay Oil Corp
IQD-B.to,Wisdomtree Intl Qlty Div Gwth Idx ETF Nh
IRG.to,Imvescor Restaurant Grou
IRON.to,Alderon Iron Ore Corp
ISL-U.to,ING Floating Rate Senior
ISL-UN.to,ING Floating Rate Senior
ISV.to,Information Services Cor
ITC.to,Intrinsyc Technologies C
ITH.to,International Tower Hill
ITP.to,Intertape Polymer
ITX.to,The Intertain Group Limited
IVN.to,Ivanhoe Mines Ltd
JAG.to,Jaguar Mining Inc
JE.to,Just Energy Group Inc
JE-DB-B.to,Just Energy Group Inc 5.
JE-DB-C.to,Just Energy Group Inc 6.75 Pct Debs
JE-PR-U.to,Just Energy Group Inc Preferred USD
JFS-UN.to,Jft Strategies Fund
JOY.to,Journey Energy Inc
JWEL.to,Jamieson Wellness Inc
K.to,Kinross Gold Corp.
KAT.to,Katanga Mining Limited
KBL.to,Kbro Linen Inc.
KDX.to,Klondex Mines Ltd.
KEG-UN.to,Keg Royalties Income Fun
KEL.to,Kelt Exploration Ltd
KEL-DB.to,Kelt Exploration Ltd 5.0 Pct Debs
KER.to,Kerr Mines Inc
KEW.to,Kew Media Group Inc
KEW-WT.to,Kew Media Group Inc Wts
KEY.to,Keyera Corp
KFS.to,Kingsway Fin
KFS-WT-V.to,Kingsway Fin Svcs Warran
KL.to,Kirkland Lake Gold Ltd
KLG-DB-A.to,Kirkland Lake Gold Inc 7.50 Pct Debs
KLS.to,Kelso Technologies Inc
KML.to,Kinder Morgan Cda Ltd
KMP-UN.to,Killam Apartment REIT
KOR.to,Corvus Gold Inc
KPT.to,Kp Tissue Inc
KRN.to,Karnalyte Resources Inc
KWH-UN.to,Crius Energy Trust
KXS.to,Kinaxis Inc
L.to,Loblaw Co
L-PR-B.to,Loblaw Companies Ltd 2Nd
LAC.to,Lithium Americas Corp
LAM.to,Laramide Resources Ltd.
LAS-A.to,Lassonde Industries Inc.
LB.to,Laurentian Bank
LB-N.to,Laurentian Bank Sub Receipts
LB-PR-F.to,Laurentian Bank of Cda P
LB-PR-H.to,Laurentian Bank of Cda P
LB-PR-J.to,Laurentian Bank of Cda Pr Ser 15
LBS.to,Life & Banc Split Corp.
LBS-PR-A.to,Life & Banc Split Corp.
LCS.to,Brompton Lifeco Split Co
LCS-PR-A.to,Brompton Lifeco Split Co
LEAF.to,Medreleaf Corp
LFE.to,Canadian Life Companies
LFE-PR-B.to,Canadian Life Split 2012
LFX.to,Leadfx Inc
LGD.to,Liberty Gold Corp.
LGD-WT.to,Liberty Gold Corp Wts
LGO.to,Largo Resources Ltd.
LGQ.to,Logiq Asset Management Inc.
LGQ-DB-A.to,Logiq Asset Mgmt Inc 7.00 Pct Debs
LGT-A.to,Logistec Corporation Cl
LGT-B.to,Logistec Corporation Cl
LIF.to,Labrador Iron Ore Royalt
LIQ.to,Liquor Stores Na Ltd.
LIQ-DB-B.to,Liquor Stores Na Ltd 4.70 Pct Debs
LMC.to,Leagold Mining Corporation
LN.to,Loncor Resources Inc
LNF.to,Leons Furniture
LNR.to,Linamar Corp
LOW-UN.to,Low Volatility CDN Equit
LRT-DB-G.to,Lanesborough REIT 9.5 PC
LRT-UN.to,Lanesborough R.E. Invest
LS-UN.to,Middlefield Healthcare Ls Div Fd
LUC.to,Lucara Diamond Corp
LUG.to,Lundin Gold Inc
LUN.to,Lundin Mining Corp.
LVN.to,Levon Resources Ltd
LVU-UN.to,Low Volatility US Equity
LXR.to,Lxrandco Inc
LYD.to,Lydian International Lim
LYD-WT.to,Lydian International Limited Wts
MAG.to,MAG Silver Corp.
MAL.to,Magellan Aero
MAR.to,Marret Resource Corp
MAW.to,Mawson Resources Ltd
MAX.to,Midas Gold Inc
MAY.to,Meadow Bay Gold Corp
MBA.to,Cibt Education Group Inc
MBB-UN.to,Aston Hill Adv Bond Fund
MBK-UN.to,Manulife US Regional Ban
MBN.to,Mbn Corporation
MBX.to,Microbix J
MCB.to,Mccoy Global Inc
MCLC.to,Manulife Mltfactor CDN Large Cap Uh ETF
MDA.to,Macdonald Dettwiler
MDF.to,Mediagrif Interac
MDI.to,Major Drilling Grp
MDNA.to,Medicenna Therapeutics Corp
MDS-UN.to,Healthcare Special Opp F
ME.to,Moneta Porcupine J
MEE.to,Mackenzie Max Diverse Emg Mkts ETF
MEG.to,Meg Energy Corp.
MEQ.to,Mainstreet Eq J
MEU.to,Mackenzie Max Diversif Dev EUR Idx ETF
MFC.to,Manulife Fin
MFC-PR-B.to,Manulife Financial Corp
MFC-PR-C.to,Manulife Financial Corp.
MFC-PR-F.to,Manulife Financial Corp
MFC-PR-G.to,Manulife Financial Non C
MFC-PR-H.to,Manulife Financial Corp
MFC-PR-I.to,Manulife Financial Corp
MFC-PR-J.to,Manulife Financial Corp
MFC-PR-K.to,Manulife Financial Corp
MFC-PR-L.to,Manulife Financial Corp
MFC-PR-M.to,Manulife Financial Corp
MFC-PR-N.to,Manulife Financial Corp
MFC-PR-O.to,Manulife Financial Corp Pref Series 21
MFC-PR-P.to,Manulife Financial Corp Class 1 Sh Ser 4
MFC-PR-R.to,Manulife Financial Corp Pref Series 23
MFI.to,Maple Leaf Foods
MFR-UN.to,Manulife Floating Rate S
MFT.to,Mackenzie Floating Rate Income
MG.to,Magna International Inc
MGA.to,Mega Uranium Ltd.
MGB.to,Mackenzie Core Pls Glob Fixed Inc ETF
MIC.to,Genworth Mi Canada Inc.
MID-UN.to,Mint Income Fund
MIF-UN.to,Marquest CDN Equity Inco
MIN.to,Excelsior Mining Corp
MINT.to,Manulife Mltfactor Dev Intl Hgd ETF
MINT-B.to,Manulife Mltfactor Dev Intl Uh ETF
MKB.to,Mackenzie Core Pls CDN Fixed Income ETF
MKC.to,Mackenzie Max Dvrs Cda Index ETF
MKP.to,Mcan Mortgage Corporatio
MKZ-UN.to,Mackenzie Mstr Un
MLD-UN.to,Moneda Latam Corp Bond F
MMP-UN.to,Precious Metals and Mini
MND.to,Mandalay Resources Corpo
MNR.to,Mason Resources Corp
MNS.to,Royal CDN Mint CDN Silve
MNT.to,Royal Canadian Mint CDN
MNT-U.to,Royal Canadian Mint CDN
MNW.to,Mitel Networks Corporati
MOGO.to,Mogo Finance Technology Inc
MOGO-DB.to,Mogo Finance Tech Inc 10.0 Pct Debs
MOZ.to,Marathon Gold Corporatio
MPC.to,Madison Pac Cl B
MPC-C.to,Madison Pacific Properti
MPVD.to,Mountain Province Diamonds Inc.
MQI-UN.to,Macquarie Global Infr In
MR-DB.to,Melcor REIT 5.50 Pct Deb
MR-UN.to,Melcor REIT
MRC.to,Morguard Corp.
MRD.to,Melcor Dev
MRE.to,Martinrea International
MRG-DB.to,Morguard Na REIT 4.65 PC
MRG-UN.to,Morguard Na Residential
MRT-DB.to,Morguard REIT 4.50 Pct Debs
MRT-UN.to,Morguard Un
MRU.to,Metro Inc
MSI.to,Morneau Shepell Inc.
MSI-DB-A.to,Morneau Shepell Inc 4.75 Pct Debs
MSL.to,Merus Labs International
MSV.to,Minco Silver Corp.
MTL.to,Mullen Group Ltd.
MTY.to,Mty Food Group Inc
MUB.to,Mackenzie Unconstrained Bond ETF
MULC.to,Manulife Mltfactor US Large Cap Hgd ETF
MULC-B.to,Manulife Mltfactor US Large Cap Uh ETF
MUMC.to,Manulife Mltfactor US Mid Cap Hgd ETF
MUMC-B.to,Manulife Mltfactor US Mid Cap Uh ETF
MUS.to,Mackenzie Max Dvrs US Index ETF
MUX.to,Mcewen Mining Inc
MWD.to,Mackenzie Max Diversif World Dev Idx ETF
MX.to,Methanex Corp
MXF.to,First Asset Can-Material
MXG.to,Maxim Power Corp.
MXU.to,Mackenzie Max Divers Wrld Dev Ex Na Idx
NA.to,National Bank of Canada
NA-PR-A.to,National Bank Pref Series 36
NA-PR-C.to,National Bank Pref Series 38
NA-PR-Q.to,National Bank Pref Serie
NA-PR-S.to,National Bank Pref Serie
NA-PR-W.to,National Bank Pref Serie
NA-PR-X.to,National Bank Pref Series 34
NAF-UN.to,North American Financial
NAL.to,Newalta Corporation
NB.to,Niocorp Developments Ltd
NBZ.to,Northern Blizzard Resour
NCA.to,Newcastle Gold Ltd
NCC-A.to,Newfoundland Capital Cor
NCD-UN.to,North American Adv Cover
NCF.to,Northcliff Resources Ltd
NCU.to,Nevada Copper Corp.
NDM.to,Northern Dynasty Mineral
NDM-WT.to,Northern Dynasty Minerals Ltd Wts
NDM-WT-A.to,Northern Dynasty Minerals Ltd Wts A
NDM-WT-B.to,Northern Dynasty Minerals Ltd Wts B
NDQ.to,Novadaq Technologies Inc
NEPT.to,Neptune Technologies & Bioressources Inc.
NEW-A.to,Newgrowth Cl A
NEW-PR-D.to,Newgrowth Corp Class B P
NEXT.to,Nextsource Materials Inc.
NFI.to,New Flyer Industries Inc
NG.to,Novagold Res Inc.
NGD.to,New Gold Inc.
NGI-UN.to,Ndx Growth and Income Fu
NGQ.to,Ngex Resources Inc.
NHK.to,Nighthawk Gold Corp
NIF-UN.to,Noranda Income Fund
NII.to,Norsat International Inc
NKO.to,Niko Res
NKO-NT.to,Niko Resources Ltd 7.00
NLN.to,Neulion Inc.
NML.to,New Millennium Iron Corp
NMX.to,Nemaska Lithium Inc
NMX-WT.to,Nemaska Lithium Inc Wts
NOA.to,North American Energy Pa
NOA-DB.to,Na Energy Partners Inc 5.50 Pct Debs
NPC.to,Napec Inc
NPF-UN.to,North American Preferred
NPI.to,Northland Power Inc.
NPI-DB-B.to,Northland Power Inc 5.00
NPI-DB-C.to,Northland Power Inc 4.75
NPI-PR-A.to,Northland Power Preferre
NPI-PR-B.to,Northland Power Inc Pref Series 2
NPI-PR-C.to,Northland Power Inc Pref
NPK.to,Verde Potash Plc
NPS.to,Northern Power Systems C
NRE.to,Namibia Rare Earths Inc
NRGY-UN.to,Sprott Energy Opportunities Trust
NRI.to,Nuvo Research Inc
NSU.to,Nevsun Res J
NUS.to,Nautilus Minerals Inc.
NVA.to,Nuvista Energy Ltd.
NVCN.to,Neovasc Inc
NVU-DB.to,Northview Apartment REIT 5.75 Pct Debs
NVU-UN.to,Northview Apartment REIT
NWC.to,The North West Company I
NWH-DB.to,Northwest Healthcare Pro
NWH-DB-A.to,Northwest Healthcare Pro
NWH-DB-B.to,Northwest Healthcare Pro
NWH-DB-C.to,Northwest Healthcare Pro
NWH-DB-D.to,Northwest Healthcare Prop 5.50 Pct Debs
NWH-DB-E.to,Northwest Healthcare Prop 5.25 Pct Debs
NWH-DB-F.to,Northwest Healthcare Prop 5.25 Pct Debs
NWH-UN.to,Northwest Healthcare Pro
NXC.to,Nexc Partners Corp
NXE.to,Nexgen Energy Ltd
NXF.to,First Asset Energy Giant
NXF-B.to,First Asset Energy Giant
NXJ.to,Nexj Systems Inc
OBE.to,Obsidian Energy Ltd.
OCS-UN.to,Ocp Credit Strategy Fund
OGC.to,Oceanagold Corporation
OGD.to,Orbit Garant Drilling In
OLY.to,Olympia Financial Group
OMI.to,Orosur Mining Inc
ONC.to,Oncolytics Bio
ONC-WT.to,Oncolytics Biotech Inc Wts
ONEX.to,Onex Corporation Sv
ONR-DB-B.to,Onereit 5.45 Pct Debs
ONR-DB-C.to,Onereit 5.50 Pct Debs
ONR-UN.to,Onereit
OPS.to,Opsens Inc
OR.to,Osisko Gold Royalties Lt
OR-WT.to,Osisko Gold Royalties Lt
OR-WT-A.to,Osisko Gold Royalties Ltd Wts A
ORA.to,Aura Minerals  Inc.
ORL.to,Orocobre Limited
ORV.to,Orvana Minerals J
OSB.to,Norbord Inc.
OSF-UN.to,Oil Sands Sector Fund
OSK.to,Osisko Mining Inc.
OSK-WT.to,Osisko Mining Inc Wts
OSL-UN.to,Ocp Senior Credit Fund
OSP.to,Brompton Oil Split Corp
OSP-PR-A.to,Brompton Oil Split Corp
OTEX.to,Open Text Corp
OXC.to,Oryx Petroleum Corporati
OXF.to,First Asset Can-Energy C
P.to,Primero Mining Corp
P-DB-V.to,Primero Mining Corp. 5.7
P-WT-C.to,Primero Mining Corp Wts
PAAS.to,Pan American Silver Corp.
PAR-DB-A.to,Partners REIT 6 Pct Debs
PAR-DB-B.to,Partners REIT 5.5 Pct De
PAR-RT.to,Partners REIT Rights
PAR-UN.to,Partners REIT Units
PATH.to,Counterpath Corporation
PAY.to,Posera Hdx Ltd
PBD.to,Purpose Total Return Bon
PBH.to,Premium Brands Holdings
PBH-DB-D.to,Premium Brands Holdings
PBH-DB-E.to,Premium Brands Hld Corp 4.65 Pct Debs
PBH-DB-F.to,Premium Brands Hld Corp 4.60 Pct Debs
PBI.to,Purpose Best Ideas Fund
PBI-B.to,Purpose Best Ideas Fund
PBL.to,Pollard Banknote Limited
PBU-UN.to,Precious Metals Bullion
PBY-UN.to,Canso Credit Income Fund
PCD-UN.to,Pathfinder Income Fund
PCF-U.to,Energy Credit Opp Income
PCF-UN.to,Energy Credit Opp Income
PCY.to,Prophecy Development Cor
PD.to,Precision Drilling Corpo
PDC.to,Powershares CDN Div Idx
PDF.to,Purpose Core Dividend Fu
PDL.to,N A Palladium
PDV.to,Prime Dividend Corp. Cl
PDV-PR-A.to,Prime Dividend Corp Pref
PEGI.to,Pattern Energy Group Inc
PEU.to,Purpose Enhanced US Equi
PEY.to,Peyto Exploration and Dv
PFB.to,Pfb Corp
PFD-UN.to,Limited Duration Inv Gr
PFH-F.to,Powershares HY Corp Bond Index ETF
PFL.to,Powershares 1 To 3 Yr La
PFT-UN.to,Canadian Preferred Share
PFU-UN.to,Investment Grade Managed
PG.to,Premier Gold Mines Ltd.
PGD.to,Peregrine Diamonds Ltd.
PGD-RT.to,Peregrine Diamonds Ltd RTS
PGF.to,Pengrowth Energy Corpora
PGI-UN.to,Pimco Global Inc Opportu
PGL.to,Powershares Ultra Liquid
PGLC.to,Pershing Gold Corporation
PHE.to,Purpose Tactical Hedged
PHE-B.to,Purpose Tactical Hedged
PHR.to,Purpose Duration Hedged
PHW.to,Purpose Intl Tactical He
PHX.to,Phx Energy Services Corp
PHYS-U.to,Sprott Physical Gold Trust USD
PIC-A.to,Premium Income A
PIC-PR-A.to,Premium Income Pr
PID.to,Purpose Intl Dividend Fu
PIF.to,Polaris Infrastructure I
PIH.to,Pacific Insight Electron
PIN.to,Purpose Monthly Income F
PJC-A.to,Jean Coutu Group (Pjc) I
PKI.to,Parkland Fuel Corporatio
PLC.to,Park Lawn Corporation
PLI.to,Prometic Life Sciences I
PLS.to,Polaris Materials Corpor
PLV.to,Powershares Low Vol Port
PLZ-DB-D.to,Plaza Retail REIT 5.75 P
PLZ-UN.to,Plaza Retail REIT
PMB-UN.to,Picton Mahoney Tactical
PME.to,Sentry Select Primary Me
PMM.to,Purpose Multi Strategy M
PMN.to,Promis Neurosciences Inc
PMT.to,Perpetual Energy Inc.
PMTS.to,CPI Card Group Inc
PNC-B.to,Postmedia Network Canada
PNE.to,Pine Cliff Energy Ltd
PNP.to,Pinetree Capital Ltd
POM.to,Polymet Mining Corp.
PONY.to,Painted Pony Petroleum L
POT.to,Potash Corp of Sask Inc
POU.to,Paramount Resources Ltd.
POW.to,Power Corporation of Can
POW-PR-A.to,Power Corp A Pr
POW-PR-B.to,Power Corp. Preferred Sh
POW-PR-C.to,Power Corp of Canada 5.8
POW-PR-D.to,Power Corp  Non-Cum 1St
POW-PR-E.to,Power Corp Part Pr
POW-PR-F.to,Power Corp 1St Pr
POW-PR-G.to,Power Corp of Canada 5.6
PPL.to,Pembina Pipeline Corpora
PPL-DB-F.to,Pembina Pipeline Corp. 5
PPL-PR-A.to,Pembina Pipeline Corp Pr
PPL-PR-C.to,Pembina Pipeline Corp Pr
PPL-PR-E.to,Pembina Pipeline Corp Pr
PPL-PR-G.to,Pembina Pipeline Corp Pr
PPL-PR-I.to,Pembina Pipeline Corp Pr
PPL-PR-K.to,Pembina Pipeline Corp Pref Series 11
PPL-PR-M.to,Pembina Pipeline Corp Pref Ser 13
PPR.to,Prairie Provident Resources Inc
PPS.to,Powershares CDN Pref Sha
PR.to,Lysander Slater Pref Sha
PRA.to,Purpose Diversified Real
PRF-UN.to,Pinebridge Inv Grade Pre
PRK.to,Potash Ridge Corporation
PRP.to,Purpose Conservative Income Fund ETF
PRQ.to,Petrus Resources Ltd
PRU.to,Perseus Mining Limited
PRW.to,Petrowest Corporation
PSA.to,Purpose High Interest Sa
PSB.to,Pwrshrs 1 To 5 Yr  Ladde
PSD.to,Pulse Seismic Inc.
PSI.to,Pason Systems Inc.
PSK.to,Prairiesky Royalty Ltd
PSLV-U.to,Sprott Physical Silver Trust USD
PSU-U.to,Purpose US Cash ETF
PSY.to,Pwrshr Glb Sharehldr Yie
PTB.to,Powershares Tactical Bon
PTG.to,Pivot Technology Solutio
PTM.to,Platinum Group Metals Lt
PTS.to,Points International Ltd
PUB-UN.to,US Banks Income and Growth Fund
PUD.to,Purpose US Dividend Fund
PUD-B.to,Purpose US Dividend Fund
PUR.to,Pure Technologies Ltd
PVG.to,Pretium Resources Inc.
PVS-PR-B.to,Partners Value Split Cor
PVS-PR-C.to,Partners Value Split Cor
PVS-PR-D.to,Partners Value Split Cor
PVS-PR-E.to,Partners Value Split Corp Pref Ser 7
PWF.to,Power Financial Corp.
PWF-PR-A.to,Power Fin Ser A Pr
PWF-PR-E.to,Power Fin Ser D Pr
PWF-PR-F.to,Power Financial Corp. Pr
PWF-PR-G.to,Power Financial Corp 5.9
PWF-PR-H.to,Power Financial Corp 5.7
PWF-PR-I.to,Power Financial Corp 6%
PWF-PR-K.to,Power Fin Corp 4.95% Ser
PWF-PR-L.to,Power Financial Corp Ser
PWF-PR-O.to,Power Financial Corp 5.8
PWF-PR-P.to,Pwr Fnl Corp 4.40 Non Cu
PWF-PR-Q.to,Power Fin Corp 4.40 Pct Pref Ser Q
PWF-PR-R.to,Power Financial Corp 5.5
PWF-PR-S.to,Power Financial Corp Pre
PWF-PR-T.to,Power Financial Corp 4.2
PWF-PR-Z.to,Power Financial Corp 5.15 Pct Pref Ser V
PXC.to,Powershr FTSE RAFI CAD I
PXG.to,Pwrshr FTSE RAFI Global
PXS.to,Pwrshr FTSE RAFI US Fdam
PXS-U.to,Pwrshr FTSE RAFI US Fdamntl ETF USD
PXT.to,Parex Resources Inc
PXU-F.to,Powershares FTSE RAFI US Fund Idx ETF
PXX.to,Blackpearl Resources Inc
PYF.to,Purpose Premium Yield Fund ETF
PZA.to,Pizza Pizza Royalty Corp
PZC.to,Pwrshr FTSE RAFI CDN Sml
PZW.to,Pwrshr FTSE RAFI Glb Sml
QBR-A.to,Quebecor Inc. Cl.A Mv
QBR-B.to,Quebecor Inc. Cl.B Sv
QCD.to,Quantshrs Enh Core CDN Equity ETF
QCP.to,Questrade Fixed Inc Core Plus ETF
QEC.to,Questerre Energy Corp
QEM.to,Quantshrs Enh Core Emg Mkt Eqt ETF
QGE.to,Questrade Global Total Equity ETF
QGL.to,Quantshrs Global Equity Rotation ETF
QIE.to,Quantshrs Enh Core Intl Equity ETF
QMG.to,Questrade Rus US Mc Grwt
QMV.to,Questrade Rus US Mc Val
QMY.to,Quantshrs Multiasset Inc Allocation ETF
QQC-F.to,Powershares QQQ Index ETF
QRD.to,Questrade Rus 1000 EW US
QRH.to,Questrade Rus 1000 Eq US
QRI.to,Questrade Rus 1000 EW US
QRT.to,Questrade Rus 1000 EW US
QSP-UN.to,Restaurant Brands Intl L
QSR.to,Restaurant Brands Intern
QTRH.to,Quarterhill Inc.
QUS.to,Quantshrs Enh Core US Equity ETF
QXM.to,F A Morningstar Nb Quebe
R.to,Red Eagle Mining Corp
R-RT.to,Red Eagle Mining Corp Rights
RAI-UN.to,Real Asset Income and Gr
RAY-A.to,Stingray Digital Group I
RAY-B.to,Stingray Digital Group I
RBA.to,Ritchie Bros Auctioneers
RBN-UN.to,Blue Ribbon Income Fund
RBO.to,RBC 1 To 5 Yr Laddered C
RBP-UN.to,June 2021 Investment Grade Bond Pool
RCD.to,RBC Quant CDN Dividend L
RCE.to,RBC Quant Canadian Equit
RCH.to,Richelieu Hardware
RCI-A.to,Rogers Communications In
RCI-B.to,Rogers Communications In
RCO-UN.to,Middlefield Can Global R
RDK.to,Redhawk Resources Inc
RDL.to,Redline Communications G
REAL.to,Real Matters Inc
REF-UN.to,CDN Real Estate Un
REI-UN.to,Riocan Real Est Un
RET.to,Reitmans Canada
RET-A.to,Reitmans (Canada) Ltd.
RFP.to,Resolute Forest Products
RGRE.to,RBC Qnt Glbl Real Estate Ldrs
RGX.to,Argex Titanium Inc
RIB-UN.to,Ridgewood CAD Invest Gra
RIC.to,Richmont Mines
RID.to,RBC Quant EAFE Div Leade
RID-U.to,RBC Quant EAFE Div Leade
RIDH.to,RBC Quant EAFE Div Leaders ETF
RIE.to,RBC Quant EAFE Equity Le
RIEH.to,RBC Quant EAFE Equity Leaders CAD Heg
RIG.to,RBC Quant Global Infras Leaders ETF
RIG-U.to,RBC Quant Global Infras Leaders ETF USD
RIGP-UN.to,Canadian Investment Grade Pref Fund
RIT.to,First Asset Canadian REIT ETF
RKN.to,Redknee Solutions Inc.
RKN-RT.to,Redknee Solutions Inc RTS
RLB.to,RBC 1-5 Year Laddered Canadian
RLD.to,RBC Strategic Global Div Leaders ETF
RLE.to,RBC Stategic Global Equity Leaders ETF
RME.to,Rocky Mountain Dealershi
RMP.to,Rmp Energy Inc
RMX.to,Rubicon Minerals Corp.
RN.to,Rio Novo Gold Inc
RNW.to,Transalta Renewables Inc
RNX.to,Royal Nickel Corporation
ROXG.to,Roxgold Inc
RPD.to,RBC Quant European Div L
RPD-U.to,RBC Quant European Div L
RPDH.to,RBC Quant European Div Leaders ETF
RPF.to,RBC Canadian Preferred Share ETF
RPI-UN.to,Richards Packaging Incom
RQE.to,RBC Target 2017 Corp Bon
RQF.to,RBC Target 2018 Corp Bon
RQG.to,RBC Target 2019 Corp Bon
RQH.to,RBC Target 2020 Corp Bon
RQI.to,RBC Target 2021 Corp Bon
RQJ.to,RBC Target 2022 Corp Bond Idx ETF
RQK.to,RBC Target 2023 Corp Bond Idx ETF
RRX.to,Raging River Exploration
RSI.to,Rogers Sugar Inc
RSI-DB-D.to,Rogers Sugar 5.75 Pct Co
RSI-DB-E.to,Rogers Sugar Inc 5Pct Debs
RSI-R.to,Rogers Sugar Inc Sub Reciepts
RTG.to,Rtg Mining Inc
RTU-UN.to,CDN Resources Un
RUD.to,RBC Quant US Div Leaders
RUD-U.to,RBC Quant US Div Leaders
RUDH.to,RBC Quant US Div Leaders ETF
RUE.to,RBC Quant US Equity Lead
RUEH.to,RBC Quant US Equity Leaders CAD Heg ETF
RUS.to,Russel Metals
RVX.to,Resverlogix Corp.
RVX-WT.to,Resverlogix Corp Wts
RWC.to,First Asset MSCI Canada
RWE.to,First Asset MSCI Europe
RWE-B.to,First Asset MSCI Europe
RWU.to,First Asset MSCI USA Lr
RWU-B.to,First Asset MSCI USA Lr
RWW.to,First Asset MSCI World L
RWW-B.to,First Asset MSCI Wld Lr
RXD.to,RBC Quant Emerging Mkts
RXD-U.to,RBC Quant Emerging Mkts
RXE.to,RBC Quant Emerg Mkts Equity Leaders ETF
RXE-U.to,RBC Quant Emerg Mkts Eqt Leaders ETF USD
RY.to,Royal Bank of Canada
RY-PR-A.to,Royal Bank of Canada Pr
RY-PR-B.to,RBC Non-Cum First Prefer
RY-PR-C.to,Royal Bank of Can. First
RY-PR-D.to,RBC First Pref Shares Se
RY-PR-E.to,RBC Non-Cum First Pr Shs
RY-PR-F.to,RBC Non-Cum First Pref S
RY-PR-G.to,RBC Non-Cum First Pr Ser
RY-PR-H.to,Royal Bank of Canada Prf
RY-PR-I.to,Royal Bank  Pref Series
RY-PR-J.to,Royal Bank Pref Series B
RY-PR-K.to,Royal Bank Pref Series A
RY-PR-L.to,RBC Non Com 5-Year Srs A
RY-PR-M.to,Royal Bank Pref Series B
RY-PR-N.to,Royal Bank Pref Series B
RY-PR-O.to,RBC Pref Shares Series B
RY-PR-P.to,RBC Pref Shares Series Bj
RY-PR-Q.to,RBC Pref Shares Series Bk
RY-PR-R.to,RBC Pref Shares Series Bm
RY-PR-W.to,RBC 4.90% Ser. W
RY-PR-Z.to,RBC First Pref Sh Series
S.to,Sherritt Intl Rv
SAM.to,Starcore International M
SAP.to,Saputo Inc.
SAU.to,ST Augustine Gold and Co
SBB.to,Sabina Gold and Silver C
SBC.to,Brompton Split Banc Corp
SBC-PR-A.to,Brompton Split Banc Corp
SBI.to,Serabi Gold Plc
SBN.to,S Split Corp. Cl.A
SBN-PR-A.to,S Split Corp. Pref A
SBND.to,Purpose Sh Dur Tactical Bd Fd ETF
SBR.to,Silver Bear Resources In
SBT-B.to,Silver Bullion Trust CAD ETF Non Cur
SCB.to,Street Capital Group Inc
SCL.to,Shawcor Ltd
SCU.to,The Second Cup Ltd.
SCW-UN.to,Canso Select Opportuniti
SCY.to,Scandium International M
SDY.to,Strad Energy Services Lt
SEA.to,Seabridge Gold Inc.
SEC.to,Senvest Capital
SEN.to,Serinus Energy Inc
SES.to,Secure Energy Services I
SEV.to,Spectra7 Microsystems In
SFD.to,Nxt Energy Solutions Inc
SGF.to,Shore Gold Inc.
SGQ.to,Southgobi Resources Ltd
SGY.to,Surge Energy Inc
SHA.to,Sphere FTSE Asia Sustainable Yld ETF
SHC.to,Sphere FTSE Cda Sustainable Yld ETF
SHE.to,Sphere FTSE Euro Sustainable Yld ETF
SHLE.to,Source Energy Services Ltd
SHOP.to,Shopify Inc
SHU.to,Sphere FTSE US Sustainable Yld ETF
SHZ.to,Sphere FTSE Emerg Mkts Yld Idx ETF
SIA.to,Sienna Senior Living Inc
SIA-DB.to,Sienna Senior Living Inc
SID.to,First Asset US Trendleaders Idx ETF
SII.to,Sprott Inc.
SIN-UN.to,Sciti Trust
SIS.to,Savaria Corp.
SJ.to,Stella Jones Inc
SJR-B.to,Shaw Communications Inc.
SJR-PR-A.to,Shaw Communications Inc
SJR-PR-B.to,Shaw Communications Series B
SKG-UN.to,Skylon Growth & Income F
SLF.to,Sun Life Financial Inc.
SLF-PR-A.to,Sun Life Financial Inc P
SLF-PR-B.to,Sun Life Financial Inc.
SLF-PR-C.to,Sunlife Financial Inc. C
SLF-PR-D.to,Sun Life Financial Inc.
SLF-PR-E.to,Sun Life Financial Inc.
SLF-PR-G.to,Sun Life Financial Inc.
SLF-PR-H.to,Sun Life Financial Inc P
SLF-PR-I.to,Sun Life Financial Inc P
SLF-PR-J.to,Sun Life Financial Inc P
SLF-PR-K.to,Sun Life Financial Inc Pref Ser 11Qr
SLR.to,Solitario Zinc Corp.
SMC.to,Sulliden Mining Capital
SMF.to,SEMAFO J
SMT.to,Sierra Metals Inc
SMU-UN.to,Summit Industrial Income
SNC.to,Snc-Lavalin Sv
SOLG.to,Solgold Plc
SOT-UN.to,Slate Office REIT
SOX.to,Stuart Olson Inc
SOX-DB-A.to,Stuart Olson Inc 6 Pct D
SOY.to,Sunopta Inc.
SPB.to,Superior Plus Corp.
SPB-DB-H.to,Superior Plus Corp 6.0 P
SPE.to,Spartan Energy Corp
SPPP-U.to,Sprott Physical Platinum Palladium USD
SQP.to,Strongco Corporation
SRHI.to,Sprott Resource Holdings Inc
SRHI-WT.to,Sprott Resource Holdings Inc Wts
SRT-U.to,Slate Retail REIT USD
SRT-UN.to,Slate Retail REIT
SRU-UN.to,Smart Real Estate Investment Trust
SRV-UN.to,Sir Royalty Income Fund
SSF-UN.to,Symphony Floating Rate S
SSL.to,Sandstorm Gold Ltd
SSL-WT.to,Sandstorm Gold Ltd Wts
SSL-WT-B.to,Sandstorm Gold Ltd Warra
SSO.to,Silver Standard Res Inc.
SSRM.to,Ssr Mining Inc.
ST.to,Stonegate Agricom Ltd
STB.to,Student Transportation I
STB-DB-A.to,Student Transportation Inc 5.25 Pct Debs
STB-DB-C.to,Student Transportation I
STEP.to,Step Energy Services Ltd
STN.to,Stantec Inc
STPL.to,BMO Glb Consumer Staples Hgd To CAD ETF
SU.to,Suncor Energy Inc.
SUM.to,Solium Capital Inc.
SVB.to,Silver Bull Resources In
SVC.to,Sandvine Corporation
SVM.to,Silvercorp Metals Inc.
SVR.to,Ishares Silver Bullion E
SVR-C.to,Ishares Silver Bullion E
SW.to,Sierra Wireless
SWY.to,Stornoway Diamond Corp.
SWY-DB-U.to,Stornoway Diamond Corp 6
SXI.to,Synex Intl J
SXP.to,Supremex Inc.
T.to,Telus Corporation
TA.to,Transalta Corporation
TA-PR-D.to,Transalta Corp Prfd Seri
TA-PR-E.to,Transalta Corp Pref Series B
TA-PR-F.to,Transalta Corp Pref Seri
TA-PR-H.to,Transalta Corp Pref Sh S
TA-PR-J.to,Transalta Corp Pref Seri
TAO.to,Tag Oil Ltd
TAO-WT.to,Tag Oil Ltd Wts
TBL.to,Taiga Building Products
TBL-NT.to,Taiga Building Products
TC.to,Tucows Inc.
TCL-A.to,Transcontinental Inc. C
TCL-B.to,Transcontinental Inc. C
TCN.to,Tricon Capital Group Inc
TCN-DB-A.to,Tricon Capital Group Inc
TCN-DB-U.to,Tricon Capital Group 5.75 Pct Debs USD
TCS.to,Tecsys Inc J
TCT-UN.to,Top 10 Canadian Financia
TCW.to,Trican Well
TD.to,Toronto-Dominion Bank
TD-PF-A.to,TD Bank Pref Series 1
TD-PF-B.to,TD Bank Pref Series 3
TD-PF-C.to,TD Bank Pref Series 5
TD-PF-D.to,TD Bank Pref Series 7
TD-PF-E.to,TD Bank Pref Series 9
TD-PF-F.to,TD Bank Pref Series 11
TD-PF-G.to,TD Bank Pref Series 12
TD-PF-H.to,TD Bank Pref Series 14
TD-PF-I.to,TD Bank Pref Series 16
TD-PR-S.to,TD Bank Ser S Pr
TD-PR-T.to,TD Bank Pref Series T
TD-PR-Y.to,TD Bank Ser Y Pr
TD-PR-Z.to,TD Bank Pref Series Z
TDB.to,TD CDN Aggregate Bond Index ETF
TDG.to,Trinidad Drilling Ltd.
TECK-A.to,Teck Resources Limited Cl A
TECK-B.to,Teck Resources Limited Cl B
TEI.to,Toscana Energy Income Co
TEI-DB.to,Toscana Energy Income Co
TEL.to,Tellza Communications In
TET.to,Trilogy Energy Corp.
TF.to,Timbercreek Financial Corp
TF-DB.to,Timbercreek Financial Corp 6.35 Pct Debs
TF-DB-A.to,Timbercreek Financial Corp 5.40 Pct Debs
TF-DB-B.to,Timbercreek Financial Corp 5.45 Pct Debs
TF-DB-C.to,Timbercreek Financial Corp 5.30 Pct Debs
TFII.to,Tfi International Inc
TGF-UN.to,Timbercreek Global Real
TGL.to,Transglobe Energy Corp
TGO.to,Terago Inc.
TGZ.to,Teranga Gold Corporation
TH.to,Theratechnologies
TH-WT.to,Theratechnologies Inc WT
The.to,TD Intl Equity CAD Hedge Index ETF
THO.to,Tahoe Resources Inc
THU.to,TD SP 500 CAD Hedge Index ETF
TIH.to,Toromont Ind
TKO.to,Taseko Mines Ltd.
TLB.to,Tearlab Corporation
TLF-UN.to,Tech Leaders Income Fund
TLO.to,Talon Metals Corp.
TLV.to,Powershares SP TSX Low V
TMB.to,Tembec Inc.
TMD.to,Titan Medical Inc
TMD-WT-C.to,Titan Medical Inc Wts Cl
TMD-WT-F.to,Titan Medical Inc Wts Cl F
TMD-WT-H.to,Titan Medical Inc Wts Cl H
TMD-WT-I.to,Titan Medical Inc Wts Cl I
TMI.to,Trimetals Mining Inc
TMI-B.to,Trimetals Mining Inc Cla
TML.to,Treasury Metals Inc.
TMQ.to,Trilogy Metals Inc
TMR.to,Tmac Resources Inc
TNP.to,Transatlantic Petroleum
TNT-UN.to,True North Commercial Re
TNX.to,Tanzanian Royalty Explor
TOF-UN.to,Taylor North American Eq
TOG.to,Torc Oil and Gas Ltd
TOS.to,Tso3 Inc
TOT.to,Total Energy Services In
TOU.to,Tourmaline Oil Corp
TOY.to,Spin Master Corp
TPE.to,TD International Equity Index ETF
TPH.to,Temple Hotels Inc
TPH-DB-E.to,Temple Hotels Inc 7.25 P
TPH-DB-F.to,Temple Hotels Inc 7.0 PC
TPK.to,Ten Peaks Coffee Company
TPL.to,Tethys Petroleum Limited
TPU.to,TD SP 500 Index ETF
TPX-A.to,Molson Coors Canada Inc.
TPX-B.to,Molson Coors Canada Inc.
TRI.to,Thomson Reuters Corporat
TRI-PR-B.to,Thomson Reuters Corporat
TRIL.to,Trillium Therapeutics In
TRL.to,Trilogy International Partners Inc
TRL-WT.to,Trilogy International Partners Inc Wts
TRP.to,Transcanada Corp.
TRP-PR-A.to,Transcanada Corp Pref Se
TRP-PR-B.to,Transcanada Corp Pref Se
TRP-PR-C.to,Transcanada Cumul Redeem
TRP-PR-D.to,Transcanada Corp Pref Se
TRP-PR-E.to,Transcanada Corp Pref Se
TRP-PR-F.to,Transcanada Corp Pref Se
TRP-PR-G.to,Transcanada Corp Pref Se
TRP-PR-H.to,Transcanada Corp Pref Se
TRP-PR-I.to,Transcanada Corp Pref Series 6
TRP-PR-J.to,Transcanada Corp Pref Series 13
TRP-PR-K.to,Transcanada Corp Pref Series 15
TRQ.to,Turquoise Hill Resources
TRZ.to,Transat At Inc
TS-B.to,Torstar Corp. Cl. B Nv
TSGI.to,The Stars Group Inc
TSL.to,Tree Island Steel Ltd
TSU.to,Trisura Group Ltd
TTE-UN.to,Top 20 Europe Dividend T
TTP.to,TD SP TSX Capped Comp Index ETF
TUT-UN.to,Top 20 US Dividend Trust
TV.to,Trevali Mining Corporati
TVA-B.to,Tva Group Inc. Cl.B Nv
TVE.to,Tamarack Valley Energy L
TVK.to,Terravest Capital Inc
TVK-DB.to,Terravest Capital Inc 7.
TWC.to,Twc Enterprises Limited
TXF.to,First Asset Tech Giants
TXG.to,Torex Gold Resources Inc
TXP.to,Touchstone Exploration I
TXT-PR-A.to,Top 10 Split Trust Prf.
TXT-UN.to,Top 10 Split Trust
TZS.to,Trez Capital Senior Mort
TZZ.to,Trez Capital Mortgage In
U.to,Uranium Participation Co
UCD-UN.to,Fa Morningstar US Consum
UDA-UN.to,Caldwell US Dividend Adv
UEX.to,Uex Corp
UFS.to,Domtar Corporation
ULV-C.to,Powershares Sp500 Low Volatility ETF
ULV-F.to,Powershares Sp500 Low Volatility ETF
ULV-U.to,Powershares Sp500 Low Volatility ETF USD
UNC.to,United Corp Ltd
UNC-PR-A.to,United Corp Pr A
UNG-PR-C.to,Union Gas 5-1/2% Pr
UNG-PR-D.to,Union Gas 6% B Pr
UNS.to,Uni Select Inc
UR.to,Urthecast Corp
URB.to,Urbana Corporation
URB-A.to,Urbana Corporation Cl A
URE.to,Ur-Energy Inc.
USA.to,Americas Silver Corporation
USB.to,Powershares Lad US 0 To
USB-U.to,Powershares Lad US 0 To
USF-UN.to,US Financials Income Fun
USH-UN.to,US Housing Recovery Fund
UTC-C.to,Utility Corp Cl C
UTE-UN.to,Canadian Utilities Telec
UWE.to,U3O8 Corp
UXM.to,F A Morningstar US Div T
UXM-B.to,Fa Morningstar US Div Tg
VA.to,Vanguard FTSE Dev Asia P
VAB.to,Vanguard CDN Aggregate B
VAH.to,Vanguard FTSE Dev Asia Pac ETF CAD Hdg
VB.to,Versabank
VB-PR-A.to,Versabank Pref Series 1
VB-PR-B.to,Versabank Pref Series 3
VBG.to,Vanguard Global Ex US Ag
VBU.to,Vanguard US Agg Bond Ind
VBV.to,Vbi Vaccines Inc
VCB.to,Vanguard CDN Corporate Bond Index ETF
VCE.to,Vanguard FTSE Canada Ind
VCM.to,Vecima Networks Inc.
VCN.to,Vanguard FTSE Canada All
VDU.to,Vanguard FTSE Developed
VDY.to,Vanguard FTSE CDN High D
VE.to,Vanguard FTSE Dev Europe
VEE.to,Vanguard FTSE Emerging M
VEF.to,Vanguard FTSE Dev Ex Na
VEH.to,Vanguard FTSE Dev Europe ETF CAD Hdg
VET.to,Vermilion Energy Inc
VFF.to,Village Farms Internatio
VFV.to,Vanguard SP 500 Index Et
VGG.to,Vanguard US Div Appr Idx
VGH.to,Vanguard US Div Appr Idx
VGV.to,Vanguard CDN Government Bond Index ETF
VGZ.to,Vista Gold Corp
VI.to,Vanguard FTSE Dev All Cap Na Idx
VII.to,Seven Generations Energy
VIP-UN.to,Aston Hill Vip Income Fu
VIU.to,Vanguard FTSE Dev All Cap Na Idx
VLB.to,Vanguard CDN Long Term Bond Index ETF
VLE.to,Valeura Energy Inc
VLN.to,Velan Inc. Sv
VLQ.to,Vanguard Global Liquidity Factor ETF
VMO.to,Vanguard Glob Momentum Factor ETF
VNP.to,5N Plus Inc.
VNP-DB.to,5N Plus Inc 5.75 Pct Deb
VNR.to,Valener Inc
VNR-PR-A.to,Valener Inc Pref Series
VRE.to,Vanguard FTSE CDN Capped
VRX.to,Valeant Pharmaceuticals
VSB.to,Vanguard CDN Short-Term
VSC.to,Vanguard CDN Short Term
VSG.to,Vanguard CDN Sh Term Govt Bd Index ETF
VSN.to,Veresen Inc.
VSN-PR-A.to,Veresen Inc Pref Sh Seri
VSN-PR-C.to,Veresen Inc Pref Sh Seri
VSN-PR-E.to,Veresen Inc Pref Sh Seri
VSP.to,Vanguard SP 500 Index Et
VUN.to,Vanguard US Total Market
VUS.to,Vanguard US Total Mkt Id
VVL.to,Vanguard Glob Val Factor ETF
VVO.to,Vanguard Global Min Vol ETF
VXC.to,Vanguard FTSE All World
VXM.to,F A Morningstar Intl Val
VXM-B.to,F A Morningstar Intl Val
VXS.to,Vixs Systems Inc
W-PR-H.to,Westcoast 7 Pr
W-PR-J.to,Westcoast 8 Pr
W-PR-K.to,Westcoast Energy Inc Pref Series 10
W-PR-M.to,Westcoast Energy Inc Pref Series 12
WCM-A.to,Wilmington Capital Mgmt
WCN.to,Waste Connections Inc.
WCP.to,Whitecap Resources Inc
WDO.to,Wesdome Gold Mines Ltd.
WEED.to,Canopy Growth Corporation
WEF.to,Western Forest Products
WEQ.to,Westernone Inc
WEQ-DB.to,Westernone Inc 6.25 Pct
WFC.to,Wall Financial
WFS.to,World Financial Split Co
WFS-PR-A.to,World Financial Split Co
WFT.to,West Fraser Timber Co Lt
WG.to,Wellgreen Platinum Ltd
WIR-U.to,Wpt Industrial REIT USD
WJA.to,Westjet Airlines Ltd.
WJX.to,Wajax Corporation
WM.to,Wallbridge Mng J
WN.to,Weston George
WN-PR-A.to,George Weston Limited Pr
WN-PR-C.to,George Weston Ltd. 5.20%
WN-PR-D.to,George Weston Ltd. 5.2%
WN-PR-E.to,George Weston Ltd. 4.75
WPK.to,Winpak Ltd
WPM.to,Wheaton Precious Metals
WPRT.to,Westport Innovations Inc
WRG.to,Western Energy Services
WRN.to,Western Copper and Gold
WRX.to,Western Resources Corp
WSP.to,WSP Global Inc
WTE.to,Westshore Terminals Inve
WXM.to,F A Morningstar Cda Mome
X.to,Tmx Group Limited
XAL.to,Ishares Alternatives Com
XAU.to,Goldmoney Inc
XAW.to,Ishares Core MSCI All Cn
XBB.to,Ishares Canadian Univers
XBM.to,Ishares SP TSX Global BA
XBZ.to,Ishares MSCI Brazil Inde
XCB.to,Ishares Canadian Corpora
XCD.to,Ishares SP Global Cons D
XCG.to,Ishares Canadian Growth
XCH.to,Ishares China Index ETF
XCR.to,Ishares Conservative Cor
XCS.to,Ishares SP TSX Smallcap
XCT.to,Exactearth Ltd
XCV.to,Ishares Canadian Value I
XDC.to,Xtreme Drilling and Coil
XDG.to,Ishares Core MSCI Glo Qlty Div Idx ETF
XDGH.to,Ishares Core MSCI Glo Qlty Div Idx ETF
XDIV.to,Ishares Core MSCI CAD Qlty Div Idx ETF
XDU.to,Ishares Core MSCI US Qlty Div Idx ETF
XDUH.to,Ishares Core MSCI US Qlty Div Idx ETF
XDV.to,Ishares Canadian Select
XEB.to,Ishares JP Morgan USD EM
XEC.to,Ishares Core MSCI Emergi
XEF.to,Ishares Core MSCI EAFE I
XEG.to,Ishares SP TSX Capped En
XEH.to,Ishares MSCI Europe IMI
XEI.to,Ishares Core SP TSX Comp
XEM.to,Ishares MSCI Emerging Ma
XEN.to,Ishares Jantzi Social In
XEU.to,Ishares MSCI Europe IMI
XFA.to,Ishares Factorselect MSCI USA Idx CAD
XFC.to,Ishares Factorselect MSCI C
XFF.to,Ishares Factorselect MSCI EAFE
XFH.to,Ishares Core MSCI EAFE I
XFI.to,Ishares Factorselect MSCI EAFE Idx ETF
XFN.to,Ishares SP TSX Capped FI
XFR.to,Ishares Floating Rate In
XFS.to,Ishares Factorselect MSCI USA Idx ETF
XGB.to,Ishares Canadian Govt Bo
XGC.to,Ishares Global Comp. Por
XGD.to,Ishares S&P/Tsx Global G
XGI.to,Ishares SP Global Indust
XGR.to,Ishares Growth Core Port
XHB.to,Ishares CDN Hybrid Corp
XHC.to,Ishares Global Healthcar
XHD.to,Ishares US High Div Equi
XHU.to,Ishares US High Div Equi
XHY.to,Ishares US High Yield Bo
XIC.to,Ishares Core SP TSX Capp
XID.to,Ishares India Index ETF
XIG.to,Ishares US Ig Corporate
XIN.to,Ishares MSCI EAFE Index
XIT.to,Ishares SP TSX Capped In
XIU.to,Ishares SP TSX 60 Index
XLB.to,Ishares Core CDN Long Te
XMA.to,Ishares SP TSX Capped Ma
XMC.to,Ishares SP US Midcap Ind
XMD.to,Ishares SP TSX Completio
XMF-A.to,M Split Corp Capital Sha
XMF-PR-B.to,M Split Corp. Class I Pr
XMF-PR-C.to,M Split Corp. Class II P
XMH.to,Ishares SP US Midcap Ind
XMI.to,Ishares MSCI EAFE Min Vo
XML.to,Ishares Edge MSCI Mv EAFE ETF CAD Hgd
XMM.to,Ishares MSCI Emerg Mkts
XMS.to,Ishares Edge MSCI Mv USA ETF CAD Hgd
XMU.to,Ishares MSCI USA Min Vol
XMV.to,Ishares MSCI Canada Min
XMW.to,Ishares MSCI All Country
XMY.to,Ishares Edge MSCI Mv Glbl ETF CAD Hgd
XPF.to,Ishares SP TSX Na Pref S
XQB.to,Ishares Core Hi Quality
XQQ.to,Ishares Nasdaq 100 Index
XRB.to,Ishares CDN Real Return
XRC.to,Exeter Resource Corporat
XRE.to,Ishares SP TSX Capped Re
XSB.to,Ishares Canadian Short T
XSC.to,Ishares Conv Shr Trm Stra Fxd
XSE.to,Ishares Cons Strat Fix I
XSH.to,Ishares Core CDN ST Corp
XSI.to,Ishares Short Term Strat
XSP.to,Ishares Core SP 500 Idx
XSQ.to,Ishares Core ST Hi Quali
XST.to,Ishares SP TSX Capped Co
XSU.to,Ishares US Small Cap Ind
XTC.to,Exco Tech
XTD.to,Tdb Split Corp. Class A
XTD-PR-A.to,Tdb Split Corp. Priorit
XTG.to,Xtra Gold Resources Corp
XTR.to,Ishares Diversified Mont
XUH.to,Ishares Core SP US Total
XUS.to,Ishares Core SP 500 Inde
XUT.to,Ishares SP TSX Capped Ut
XUU.to,Ishares Core SP US Total
XWD.to,Ishares MSCI World Index
XXM.to,Fa Morningstar US Value
XXM-B.to,Fa Morningstr US Value I
XYM-UN.to,Star Yield Managers Trust
Y.to,Yellow Pages Limited
Y-WT.to,Yellow Pages Limited Wts
YCM.to,Commerce Split Corp Capi
YCM-PR-A.to,Commerce Split Corp Clas
YCM-PR-B.to,Commerce Split Corp Clas
YGR.to,Yangarra Resources Ltd
YPG-DB.to,Yp Digital and Media Sol
YRB.to,Yorbeau Resources Inc
YRI.to,Yamana Gold Inc
YXM.to,Fa Morningstar US Moment
YXM-B.to,Fa Morningstar US Moment
ZAG.to,BMO Aggregate Bond Index
ZAR.to,Zargon Oil and Gas Ltd.
ZAR-DB-A.to,Zargon Oil and Gas Ltd 8.00 Pct Debs
ZBK.to,BMO Equal Weight US Bank
ZCH.to,BMO China Equity Index E
ZCL.to,Zcl Composites
ZCM.to,BMO Mid Corporate Bond I
ZCN.to,BMO SP TSX Capped Comp I
ZCS.to,BMO Short Corp Bond Inde
ZCS-L.to,BMO Short Corporate Bond Index ETF
ZDB.to,BMO Discount Bond Idx Et
ZDH.to,BMO Intl Div CAD Hedge E
ZDI.to,BMO International Divide
ZDJ.to,BMO DJIA Hedged To CAD I
ZDM.to,BMO MSCI EAFE Hedged To
ZDV.to,BMO Canadian Dividend Et
ZDY.to,BMO US Dividend ETF CAD
ZDY-U.to,BMO US Dividend ETF USD
ZEA.to,BMO MSCI EAFE Idx ETF
ZEB.to,BMO SP TSX Equal Weight
ZEF.to,BMO Emg Mkt Bond Hdgd To
ZEM.to,BMO MSCI Emerging Market
ZEO.to,BMO SP TSX Eql Weight Oi
ZEQ.to,BMO MSCI EU Hq Hcad Idx
ZFH.to,BMO Floating Rate High Y
ZFL.to,BMO Long Fed Bond Index
ZFM.to,BMO Mid Federal Bond Ind
ZFS.to,BMO Short Federal Bond I
ZFS-L.to,BMO Short Federal Bond Index ETF
ZGD.to,BMO SP TSX Eql Weight Gl
ZGI.to,BMO Global Infrastructur
ZGQ.to,BMO MSCI All Cntry Wrld
ZHP.to,BMO US Pref Share Hgd To CAD Idx ETF
ZHY.to,BMO High Yld US Corp Bnd
ZIC.to,BMO Mid Term US Ig Corp
ZIC-U.to,BMO Mid Term US Ig Corp
ZID.to,BMO India Equity Index E
ZIN.to,BMO SP TSX Equal Weight
ZJG.to,BMO Junior Gold Index Et
ZJN.to,BMO Junior Gas Index ETF
ZJO.to,BMO Junior Oil Index ETF
ZLB.to,BMO Low Volatility CAD E
ZLC.to,BMO Long Corporate Bond
ZLD.to,BMO Low Vol Intl Eqty Hed To CAD ETF
ZLE.to,BMO Low Vol Emerg Mkt Equity ETF
ZLH.to,BMO Low Vol US Eqty Hed To CAD ETF
ZLI.to,BMO Low Vol Intl Equity
ZLU.to,BMO Low Volatility US Eq
ZLU-U.to,BMO Low Volatility US Eq
ZMI.to,BMO Monthly Income ETF
ZMP.to,BMO Mid Provincial Bond
ZMT.to,BMO Sptsx Eql Wgt Glb Me
ZMU.to,BMO Mid Term US Ig Corp
ZPH.to,BMO US Put Write Hedged To CAD ETF
ZPL.to,BMO Long Provincial Bond
ZPR.to,BMO SP TSX Laddered Pref
ZPS.to,BMO Short Provincial Bon
ZPW.to,BMO US Put Write ETF
ZPW-U.to,BMO US Put Write ETF USD
ZQQ.to,BMO Nasdaq 100 Hedged To
ZRE.to,BMO Equal Weight Reits I
ZRR.to,BMO Real Return Bond Ind
ZSP.to,BMO SP 500 Index ETF
ZSP-U.to,BMO SP 500 Index ETF USD
ZST.to,BMO Ultra Short Term Bon
ZST-L.to,BMO Ultra Short Term Bond ETF
ZSU.to,BMO ST US Ig Corp Bond H
ZUB.to,BMO Eql Wgt US Bank Hdgd
ZUD.to,BMO US Dividend Hedged T
ZUE.to,BMO SP 500 Hedged CAD Id
ZUH.to,BMO Eql Wgt US Hcare Hdg
ZUP.to,BMO US Preferred Share Index ETF
ZUP-U.to,BMO US Preferred Share Index ETF
ZUQ.to,BMO MSCI USA High Qualit
ZUT.to,BMO Equal Weight Utiliti
ZWA.to,BMO Covered Call DJIA CA
ZWB.to,BMO Covered Call Canadia
ZWC.to,BMO Canadian High Dividend Covered Call ETF
ZWE.to,BMO Europe High Div CC C
ZWH.to,BMO US High Dividend Cov
ZWH-U.to,BMO US High Dividend Cov
ZWU.to,BMO Covered Call Utiliti
ZXM.to,F A Morningstar Intl Mom
ZXM-B.to,F A Morningstar Intl Mom
ZYME.to,Zymeworks Inc
ZZZ.to,Sleep Country Canada Hol
